"gbifID","datasetKey","occurrenceID","kingdom","phylum","class","order","family","genus","species","infraspecificEpithet","taxonRank","scientificName","verbatimScientificName","verbatimScientificNameAuthorship","countryCode","locality","stateProvince","occurrenceStatus","individualCount","publishingOrgKey","decimalLatitude","decimalLongitude","coordinateUncertaintyInMeters","coordinatePrecision","elevation","elevationAccuracy","depth","depthAccuracy","eventDate","day","month","year","taxonKey","speciesKey","basisOfRecord","institutionCode","collectionCode","catalogNumber","recordNumber","identifiedBy","dateIdentified","license","rightsHolder","recordedBy","typeStatus","establishmentMeans","lastInterpreted","mediaType","issue"
4423201263,"c1492854-5d15-40e9-9ee7-24a18ac05112","DFF730FD-E7AA-42B3-AE64-01FEB2BA7F4D","Plantae","Tracheophyta","Pinopsida","Pinales","Pinaceae","Pinus","Pinus cembra",NA,"SPECIES","Pinus cembra L.","Pinus cembra L.","L.","AT","Finkenberg","","PRESENT",NA,"7a070ba0-bafb-11d9-8e53-b8a03c50a862",47.01483,11.67891,9,NA,1897,NA,NA,NA,"2023-08-08",8,8,2023,5285134,5285134,"HUMAN_OBSERVATION","HNS","Biodiversitätsdatenbank Salzburg","3129993","","","","CC_BY_NC_4_0","","ContactID: 2786",NA,"","2026-05-22T05:02:00.657Z","","CONTINENT_DERIVED_FROM_COORDINATES"
4990664421,"7b9ee3cf-c98e-43a3-93b0-1672151e43eb","present","Plantae","Tracheophyta","Pinopsida","Pinales","Pinaceae","Pinus","Pinus cembra",NA,"SPECIES","Pinus cembra L.","Pinus cembra L.","","AT","Gesaeuse national park","","PRESENT",NA,"0752a2b0-b635-4fb1-ae5d-50563d60f46e",47.54,14.66,1020,NA,1720,NA,NA,NA,"2015-07-24",24,7,2015,5285134,5285134,"HUMAN_OBSERVATION","1","Biodiversitätsdatenbank Nationalpark Gesäuse","158444","","Kreiner Daniel","","CC_BY_4_0","","Kreiner Daniel",NA,"","2026-04-24T07:02:12.320Z","","CONTINENT_DERIVED_FROM_COORDINATES;OCCURRENCE_STATUS_UNPARSABLE"
4416946082,"50c9509d-22c7-4a22-a47d-8c48425ef4a7","https://www.inaturalist.org/observations/184262875","Plantae","Tracheophyta","Pinopsida","Pinales","Pinaceae","Pinus","Pinus cembra",NA,"SPECIES","Pinus cembra L.","Pinus cembra","","AT","","Oberösterreich","PRESENT",NA,"28eb1a3f-1c15-4a95-931a-4af90ecb574d",47.520758,13.63581,10,NA,NA,NA,NA,NA,"2023-08-23T12:09",23,8,2023,5285134,5285134,"HUMAN_OBSERVATION","iNaturalist","Observations","184262875","","Vladimír Fuka","2023-09-21T14:44:21","CC_BY_4_0","Vladimír Fuka","Vladimír Fuka",NA,"","2026-06-06T03:57:26.172Z","StillImage","CONTINENT_DERIVED_FROM_COORDINATES;TAXON_ID_NOT_FOUND"
4989761575,"8a863029-f435-446a-821e-275f4f641165","https://observation.org/observation/334711268","Plantae","Tracheophyta","Pinopsida","Pinales","Pinaceae","Pinus","Pinus cembra",NA,"SPECIES","Pinus cembra L.","Pinus cembra","","AT","St. Leonhard im Pitztal (Gemeinde)","Tirol","PRESENT",1,"c8d737e0-2ff8-42e8-b8fc-6b805d26fc5f",46.933441,10.837423,16,NA,NA,NA,NA,NA,"2020-08-29",29,8,2020,5285134,5285134,"HUMAN_OBSERVATION","","","","","","","CC_BY_NC_4_0","Stichting Observation International","User 117830",NA,"","2026-06-02T18:34:54.326Z","",""
3009210508,"c7730a08-74b4-48cd-80a7-831a19ac660d","06BCB2B8-C636-494A-AFB8-6E331A772869","Plantae","Tracheophyta","Pinopsida","Pinales","Pinaceae","Pinus","Pinus cembra",NA,"SPECIES","Pinus cembra L.","Pinus cembra L.","L.","AT","Krimml","","PRESENT",NA,"7a070ba0-bafb-11d9-8e53-b8a03c50a862",47.173598,12.176702,111,NA,1790,NA,NA,NA,"2005-07-03",3,7,2005,5285134,5285134,"HUMAN_OBSERVATION","HNS","Biodiversitätsdatenbank Nationalpark Hohe Tauern","471653","","","","CC_BY_NC_4_0","","ContactID: 3579",NA,"","2026-05-28T13:06:53.531Z","","CONTINENT_DERIVED_FROM_COORDINATES"
4423288097,"c1492854-5d15-40e9-9ee7-24a18ac05112","89A3F394-1948-45A7-B879-C14C9B801A01","Plantae","Tracheophyta","Pinopsida","Pinales","Pinaceae","Pinus","Pinus cembra",NA,"SPECIES","Pinus cembra L.","Pinus cembra L.","L.","AT","Navis","","PRESENT",NA,"7a070ba0-bafb-11d9-8e53-b8a03c50a862",47.15012,11.54667,25,NA,2047,NA,NA,NA,"2022-07-06",6,7,2022,5285134,5285134,"HUMAN_OBSERVATION","HNS","Biodiversitätsdatenbank Salzburg","2974111","","","","CC_BY_NC_4_0","","ContactID: 2786",NA,"","2026-05-22T05:02:37.105Z","","CONTINENT_DERIVED_FROM_COORDINATES"
1834494539,"ad0d1a24-e952-11e2-961f-00145eb45e9a","","Plantae","Tracheophyta","Pinopsida","Pinales","Pinaceae","Pinus","Pinus cembra",NA,"SPECIES","Pinus cembra L.","Pinus cembra","","AT","","","PRESENT",NA,"43cab2b0-0653-11d9-acb2-b8a03c50a862",47.6562,12.75,4396,NA,NA,NA,NA,NA,"1979-01-01T00:00",1,1,1979,5285134,5285134,"HUMAN_OBSERVATION","BgWd","Bergwald - Datenbank","297420","","","","CC_BY_NC_4_0","","BgWd4728",NA,"","2026-04-30T09:55:36.288Z","","GEODETIC_DATUM_ASSUMED_WGS84;COUNTRY_DERIVED_FROM_COORDINATES;CONTINENT_DERIVED_FROM_COORDINATES"
4409835464,"8a863029-f435-446a-821e-275f4f641165","https://observation.org/observation/281651888","Plantae","Tracheophyta","Pinopsida","Pinales","Pinaceae","Pinus","Pinus cembra",NA,"SPECIES","Pinus cembra L.","Pinus cembra","","AT","Hohe Tauern - Sonnseite Defereggental","Tirol","PRESENT",1,"c8d737e0-2ff8-42e8-b8fc-6b805d26fc5f",46.937542,12.414561,4,NA,NA,NA,NA,NA,"2023-07-22",22,7,2023,5285134,5285134,"HUMAN_OBSERVATION","","","","","","","CC_BY_NC_4_0","Stichting Observation International","User 165604",NA,"","2026-06-02T18:37:25.892Z","",""
3995347878,"8a863029-f435-446a-821e-275f4f641165","https://observation.org/observation/258681925","Plantae","Tracheophyta","Pinopsida","Pinales","Pinaceae","Pinus","Pinus cembra",NA,"SPECIES","Pinus cembra L.","Pinus cembra","","AT","Schladming","Steiermark","PRESENT",1,"c8d737e0-2ff8-42e8-b8fc-6b805d26fc5f",47.344121,13.601317,25,NA,NA,NA,NA,NA,"2022-11-01",1,11,2022,5285134,5285134,"HUMAN_OBSERVATION","","","","","","","CC_BY_NC_4_0","Stichting Observation International","User 166207",NA,"","2026-06-02T18:47:15.667Z","",""
4527933975,"50c9509d-22c7-4a22-a47d-8c48425ef4a7","https://www.inaturalist.org/observations/175519559","Plantae","Tracheophyta","Pinopsida","Pinales","Pinaceae","Pinus","Pinus cembra",NA,"SPECIES","Pinus cembra L.","Pinus cembra","","AT","","Tirol","PRESENT",NA,"28eb1a3f-1c15-4a95-931a-4af90ecb574d",46.994095,10.221444,415,NA,NA,NA,NA,NA,"2023-07-29T13:38:58",29,7,2023,5285134,5285134,"HUMAN_OBSERVATION","iNaturalist","Observations","175519559","","Franz Proksch","2023-07-29T13:59:07","CC_BY_NC_4_0","Franz Proksch","Franz Proksch",NA,"","2026-06-06T04:07:52.146Z","StillImage","COORDINATE_ROUNDED;CONTINENT_DERIVED_FROM_COORDINATES;TAXON_ID_NOT_FOUND"
3011446547,"c1492854-5d15-40e9-9ee7-24a18ac05112","FCED9EE2-BE62-405A-93F3-CF414AD45037","Plantae","Tracheophyta","Pinopsida","Pinales","Pinaceae","Pinus","Pinus cembra",NA,"SPECIES","Pinus cembra L.","Pinus cembra L.","L.","AT","Neukirchen/Großvenediger","","PRESENT",NA,"7a070ba0-bafb-11d9-8e53-b8a03c50a862",47.175,12.29168,6000,NA,NA,NA,NA,NA,"2007",NA,NA,2007,5285134,5285134,"HUMAN_OBSERVATION","HNS","Biodiversitätsdatenbank Salzburg","2104865","","","","CC_BY_NC_4_0","","ContactID: 2786",NA,"","2026-05-22T05:01:47.081Z","","CONTINENT_DERIVED_FROM_COORDINATES"
5206361322,"50c9509d-22c7-4a22-a47d-8c48425ef4a7","https://www.inaturalist.org/observations/291548964","Plantae","Tracheophyta","Pinopsida","Pinales","Pinaceae","Pinus","Pinus cembra",NA,"SPECIES","Pinus cembra L.","Pinus cembra","","AT","","Steiermark","PRESENT",NA,"28eb1a3f-1c15-4a95-931a-4af90ecb574d",47.079867,14.586462,NA,NA,NA,NA,NA,NA,"2025-06-21T12:59",21,6,2025,5285134,5285134,"HUMAN_OBSERVATION","iNaturalist","Observations","291548964","","Sepp Schmid","2025-06-21T18:26:52","CC_BY_NC_4_0","Sepp Schmid","Sepp Schmid",NA,"","2026-06-06T03:51:33.549Z","StillImage","COORDINATE_ROUNDED;CONTINENT_DERIVED_FROM_COORDINATES;TAXON_ID_NOT_FOUND"
3010865786,"c1492854-5d15-40e9-9ee7-24a18ac05112","4A50F210-F74C-4AC6-A5D9-623DBFEAAE9C","Plantae","Tracheophyta","Pinopsida","Pinales","Pinaceae","Pinus","Pinus cembra",NA,"SPECIES","Pinus cembra L.","Pinus cembra L.","L.","AT","Matrei in Osttirol","","PRESENT",NA,"7a070ba0-bafb-11d9-8e53-b8a03c50a862",47.11705,12.42879,25,NA,2116,NA,NA,NA,"2020-08-25",25,8,2020,5285134,5285134,"HUMAN_OBSERVATION","HNS","Biodiversitätsdatenbank Salzburg","2434291","","","","CC_BY_NC_4_0","","ContactID: 3337",NA,"","2026-05-22T05:02:09.433Z","","CONTINENT_DERIVED_FROM_COORDINATES"
3858693180,"50c9509d-22c7-4a22-a47d-8c48425ef4a7","https://www.inaturalist.org/observations/124851448","Plantae","Tracheophyta","Pinopsida","Pinales","Pinaceae","Pinus","Pinus cembra",NA,"SPECIES","Pinus cembra L.","Pinus cembra","","AT","","Tirol","PRESENT",NA,"28eb1a3f-1c15-4a95-931a-4af90ecb574d",46.862367,11.019303,14,NA,NA,NA,NA,NA,"2022-07-05T07:31:17",5,7,2022,5285134,5285134,"HUMAN_OBSERVATION","iNaturalist","Observations","124851448","","maripra","2022-07-05T07:05:34","CC_BY_NC_4_0","maripra","maripra",NA,"","2026-06-06T03:46:43.209Z","StillImage","COORDINATE_ROUNDED;CONTINENT_DERIVED_FROM_COORDINATES;TAXON_ID_NOT_FOUND"
3009360046,"c7730a08-74b4-48cd-80a7-831a19ac660d","D28779C5-266A-484A-8A37-0A66F999724A","Plantae","Tracheophyta","Pinopsida","Pinales","Pinaceae","Pinus","Pinus cembra",NA,"SPECIES","Pinus cembra L.","Pinus cembra L.","L.","AT","Neukirchen/Großvenediger","","PRESENT",NA,"7a070ba0-bafb-11d9-8e53-b8a03c50a862",47.154637,12.264644,111,NA,1930,NA,NA,NA,"2006-09-06",6,9,2006,5285134,5285134,"HUMAN_OBSERVATION","HNS","Biodiversitätsdatenbank Nationalpark Hohe Tauern","472798","","","","CC_BY_NC_4_0","","ContactID: 3953",NA,"","2026-05-28T13:07:45.147Z","","CONTINENT_DERIVED_FROM_COORDINATES"
5796490739,"857bce66-f762-11e1-a439-00145eb45e9a","https://www.zobodat.at/belege.php?id=103290773","Plantae","Tracheophyta","Pinopsida","Pinales","Pinaceae","Pinus","Pinus cembra",NA,"SPECIES","Pinus cembra L.","Pinus cembra L.","L.","AT","Biotopkartierung Oberösterreich, BID: 200410407060380, PROJNR: 200410, Fläche: 15592 m2","","PRESENT",NA,"2d6e0e40-2aee-11d8-aa2d-b8a03c50a862",47.539242,13.561242,1000,NA,1727.5,72.5,NA,NA,"2005-08-03",3,8,2005,5285134,5285134,"HUMAN_OBSERVATION","LI","ZOBODAT","103290773","","Merschel Marco, Diewald Wolfgang","","CC0_1_0","","",NA,"","2026-05-28T22:07:17.859Z","","COORDINATE_ROUNDED;CONTINENT_DERIVED_FROM_COORDINATES"
6248245685,"c1492854-5d15-40e9-9ee7-24a18ac05112","E935EF9A-3AE3-4508-8CDA-421A215AADC7","Plantae","Tracheophyta","Pinopsida","Pinales","Pinaceae","Pinus","Pinus cembra",NA,"SPECIES","Pinus cembra L.","Pinus cembra L.","L.","AT","Haiming","","PRESENT",NA,"7a070ba0-bafb-11d9-8e53-b8a03c50a862",47.228958,10.947625,999,NA,NA,NA,NA,NA,"2025-08-25",25,8,2025,5285134,5285134,"HUMAN_OBSERVATION","HNS","Biodiversitätsdatenbank Salzburg","3970251","","","","CC_BY_NC_4_0","","ContactID: 2786",NA,"","2026-05-22T05:02:11.796Z","","CONTINENT_DERIVED_FROM_COORDINATES"
3009331035,"c7730a08-74b4-48cd-80a7-831a19ac660d","74D77FF6-8B00-4DDD-9314-D974A27C8F4D","Plantae","Tracheophyta","Pinopsida","Pinales","Pinaceae","Pinus","Pinus cembra",NA,"SPECIES","Pinus cembra L.","Pinus cembra L.","L.","AT","Krimml","","PRESENT",NA,"7a070ba0-bafb-11d9-8e53-b8a03c50a862",47.141052,12.184072,111,NA,1840,NA,NA,NA,"2005-08-01",1,8,2005,5285134,5285134,"HUMAN_OBSERVATION","HNS","Biodiversitätsdatenbank Nationalpark Hohe Tauern","471599","","","","CC_BY_NC_4_0","","ContactID: 3953",NA,"","2026-05-28T13:07:35.344Z","","CONTINENT_DERIVED_FROM_COORDINATES"
5760267744,"50c9509d-22c7-4a22-a47d-8c48425ef4a7","https://www.inaturalist.org/observations/302874708","Plantae","Tracheophyta","Pinopsida","Pinales","Pinaceae","Pinus","Pinus cembra",NA,"SPECIES","Pinus cembra L.","Pinus cembra","","AT","","Tirol","PRESENT",NA,"28eb1a3f-1c15-4a95-931a-4af90ecb574d",47.032439,11.786057,6,NA,NA,NA,NA,NA,"2025-08-01T11:24:51",1,8,2025,5285134,5285134,"HUMAN_OBSERVATION","iNaturalist","Observations","302874708","","Hartmut Kaiser","2025-08-01T15:13:10","CC_BY_NC_4_0","Hartmut Kaiser","Hartmut Kaiser",NA,"","2026-06-06T03:50:34.383Z","StillImage","COORDINATE_ROUNDED;CONTINENT_DERIVED_FROM_COORDINATES;TAXON_ID_NOT_FOUND"
3009364270,"c7730a08-74b4-48cd-80a7-831a19ac660d","DB7A36C9-A2A9-4445-8275-1B10C059DB5D","Plantae","Tracheophyta","Pinopsida","Pinales","Pinaceae","Pinus","Pinus cembra",NA,"SPECIES","Pinus cembra L.","Pinus cembra L.","L.","AT","Kals am Großglockner","","PRESENT",NA,"7a070ba0-bafb-11d9-8e53-b8a03c50a862",47.057816,12.623077,111,NA,1670,NA,NA,NA,"2005-08-31",31,8,2005,5285134,5285134,"HUMAN_OBSERVATION","HNS","Biodiversitätsdatenbank Nationalpark Hohe Tauern","455523","","","","CC_BY_NC_4_0","","ContactID: 3579",NA,"","2026-05-28T13:07:47.318Z","","CONTINENT_DERIVED_FROM_COORDINATES"
5832205488,"8a863029-f435-446a-821e-275f4f641165","https://observation.org/observation/373741869","Plantae","Tracheophyta","Pinopsida","Pinales","Pinaceae","Pinus","Pinus cembra",NA,"SPECIES","Pinus cembra L.","Pinus cembra","","AT","Finkenberg (Gemeinde)","Tirol","PRESENT",1,"c8d737e0-2ff8-42e8-b8fc-6b805d26fc5f",47.174996,11.785385,8,NA,NA,NA,NA,NA,"2025-08-04",4,8,2025,5285134,5285134,"HUMAN_OBSERVATION","","","","","","","CC_BY_NC_4_0","Stichting Observation International","User 5009",NA,"","2026-06-02T18:38:27.159Z","StillImage",""
6248185692,"c1492854-5d15-40e9-9ee7-24a18ac05112","CEEE5582-3FD9-4C52-8745-8343DF2C4032","Plantae","Tracheophyta","Pinopsida","Pinales","Pinaceae","Pinus","Pinus cembra",NA,"SPECIES","Pinus cembra L.","Pinus cembra L.","L.","AT","Gerlos","","PRESENT",NA,"7a070ba0-bafb-11d9-8e53-b8a03c50a862",47.249471,12.030913,14,NA,1748,NA,NA,NA,"2025-07-16",16,7,2025,5285134,5285134,"HUMAN_OBSERVATION","HNS","Biodiversitätsdatenbank Salzburg","3954369","","","","CC_BY_NC_4_0","","ContactID: 2786",NA,"","2026-05-22T05:02:45.664Z","","CONTINENT_DERIVED_FROM_COORDINATES"
4423084785,"c1492854-5d15-40e9-9ee7-24a18ac05112","088A521A-C61D-4DFE-9237-20D870DF3946","Plantae","Tracheophyta","Pinopsida","Pinales","Pinaceae","Pinus","Pinus cembra",NA,"SPECIES","Pinus cembra L.","Pinus cembra L.","L.","AT","Mittersill","","PRESENT",NA,"7a070ba0-bafb-11d9-8e53-b8a03c50a862",47.16124,12.53604,4,NA,1604,NA,NA,NA,"2023-07-23",23,7,2023,5285134,5285134,"HUMAN_OBSERVATION","HNS","Biodiversitätsdatenbank Salzburg","3028950","","","","CC_BY_NC_4_0","","ContactID: 3682",NA,"","2026-05-22T05:02:26.336Z","","CONTINENT_DERIVED_FROM_COORDINATES"
5796159814,"857bce66-f762-11e1-a439-00145eb45e9a","https://www.zobodat.at/belege.php?id=103297562","Plantae","Tracheophyta","Pinopsida","Pinales","Pinaceae","Pinus","Pinus cembra",NA,"SPECIES","Pinus cembra L.","Pinus cembra L.","L.","AT","Biotopkartierung Oberösterreich, BID: 200815407120216, PROJNR: 200815, Fläche: 39647 m2","","PRESENT",NA,"2d6e0e40-2aee-11d8-aa2d-b8a03c50a862",47.508226,13.648683,1000,NA,1959.5,69.5,NA,NA,"2010-08-08",8,8,2010,5285134,5285134,"HUMAN_OBSERVATION","LI","ZOBODAT","103297562","","Eberl Thomas, Kaiser Roland","","CC0_1_0","","",NA,"","2026-05-28T22:07:29.900Z","","COORDINATE_ROUNDED;CONTINENT_DERIVED_FROM_COORDINATES"
4423307678,"c1492854-5d15-40e9-9ee7-24a18ac05112","C9FC4736-C581-4486-AAF6-D0F623F1A3F9","Plantae","Tracheophyta","Pinopsida","Pinales","Pinaceae","Pinus","Pinus cembra",NA,"SPECIES","Pinus cembra L.","Pinus cembra L.","L.","AT","Hohentauern","","PRESENT",NA,"7a070ba0-bafb-11d9-8e53-b8a03c50a862",47.438,14.43711,3,NA,1770,NA,NA,NA,"2023-06-25",25,6,2023,5285134,5285134,"HUMAN_OBSERVATION","HNS","Biodiversitätsdatenbank Salzburg","3028967","","","","CC_BY_NC_4_0","","ContactID: 3682",NA,"","2026-05-22T05:02:05.998Z","","CONTINENT_DERIVED_FROM_COORDINATES"
4511810536,"857bce66-f762-11e1-a439-00145eb45e9a","https://www.zobodat.at/belege.php?id=102065341","Plantae","Tracheophyta","Pinopsida","Pinales","Pinaceae","Pinus","Pinus cembra",NA,"SPECIES","Pinus cembra L.","Pinus cembra L.","L.","AT","Lasörlinggruppe, S von Virgen, Tal des Fratnik-Baches, zwischen der Wetterkreuzhütte und der Fratnikalm, Höllerhöhe","","PRESENT",NA,"2d6e0e40-2aee-11d8-aa2d-b8a03c50a862",46.971111,12.455833,10,NA,2170,NA,NA,NA,"2006-09-20",20,9,2006,5285134,5285134,"PRESERVED_SPECIMEN","LI","ZOBODAT","102065341","","Wittmann Helmut","","CC0_1_0","","Wittmann Helmut",NA,"","2026-05-28T22:06:16.662Z","StillImage","COORDINATE_ROUNDED;CONTINENT_DERIVED_FROM_COORDINATES;COLLECTION_MATCH_NONE;INSTITUTION_MATCH_FUZZY"
3009323914,"c7730a08-74b4-48cd-80a7-831a19ac660d","526887FD-A1F0-4045-A57E-F69F13AFB9F1","Plantae","Tracheophyta","Pinopsida","Pinales","Pinaceae","Pinus","Pinus cembra",NA,"SPECIES","Pinus cembra L.","Pinus cembra L.","L.","AT","Krimml","","PRESENT",NA,"7a070ba0-bafb-11d9-8e53-b8a03c50a862",47.141408,12.170936,111,NA,1860,NA,NA,NA,"2005-08-05",5,8,2005,5285134,5285134,"HUMAN_OBSERVATION","HNS","Biodiversitätsdatenbank Nationalpark Hohe Tauern","479663","","","","CC_BY_NC_4_0","","ContactID: 3953",NA,"","2026-05-28T13:07:34.915Z","","CONTINENT_DERIVED_FROM_COORDINATES"
3010860465,"c1492854-5d15-40e9-9ee7-24a18ac05112","4688A30D-FC9A-442A-A2EB-F0B152B79CE9","Plantae","Tracheophyta","Pinopsida","Pinales","Pinaceae","Pinus","Pinus cembra",NA,"SPECIES","Pinus cembra L.","Pinus cembra L.","L.","AT","Krimml","","PRESENT",NA,"7a070ba0-bafb-11d9-8e53-b8a03c50a862",47.125,12.20835,6000,NA,NA,NA,NA,NA,"1981",NA,NA,1981,5285134,5285134,"HUMAN_OBSERVATION","HNS","Biodiversitätsdatenbank Salzburg","2105769","","","","CC_BY_NC_4_0","","ContactID: 2786",NA,"","2026-05-22T05:02:28.087Z","","CONTINENT_DERIVED_FROM_COORDINATES"
4955890047,"8a863029-f435-446a-821e-275f4f641165","https://observation.org/observation/329062225","Plantae","Tracheophyta","Pinopsida","Pinales","Pinaceae","Pinus","Pinus cembra",NA,"SPECIES","Pinus cembra L.","Pinus cembra","","AT","Gaschurn","Vorarlberg","PRESENT",1,"c8d737e0-2ff8-42e8-b8fc-6b805d26fc5f",46.976377,10.112033,32,NA,NA,NA,NA,NA,"1996-06-14",14,6,1996,5285134,5285134,"HUMAN_OBSERVATION","","","","","","","CC_BY_NC_4_0","Stichting Observation International","User 1022980",NA,"","2026-06-02T18:44:32.141Z","StillImage",""
5795884368,"857bce66-f762-11e1-a439-00145eb45e9a","https://www.zobodat.at/belege.php?id=103854094","Plantae","Tracheophyta","Pinopsida","Pinales","Pinaceae","Pinus","Pinus cembra",NA,"SPECIES","Pinus cembra L.","Pinus cembra L.","L.","AT","Biotopkartierung Oberösterreich, BID: 200103409210184, PROJNR: 200103, Fläche: 758837 m2","","PRESENT",NA,"2d6e0e40-2aee-11d8-aa2d-b8a03c50a862",47.665938,14.228355,1000,NA,1797,291,NA,NA,"2002-08-21",21,8,2002,5285134,5285134,"HUMAN_OBSERVATION","LI","ZOBODAT","103854094","","Stöhr Oliver","","CC0_1_0","","",NA,"","2026-05-28T22:07:28.902Z","","COORDINATE_ROUNDED;CONTINENT_DERIVED_FROM_COORDINATES"
5796423468,"857bce66-f762-11e1-a439-00145eb45e9a","https://www.zobodat.at/belege.php?id=103969374","Plantae","Tracheophyta","Pinopsida","Pinales","Pinaceae","Pinus","Pinus cembra",NA,"SPECIES","Pinus cembra L.","Pinus cembra L.","L.","AT","Biotopkartierung Oberösterreich, BID: 200814407090144, PROJNR: 200814, Fläche: 648773 m2","","PRESENT",NA,"2d6e0e40-2aee-11d8-aa2d-b8a03c50a862",47.527178,13.622501,1000,NA,1705.5,165.5,NA,NA,"2009-07-09",9,7,2009,5285134,5285134,"HUMAN_OBSERVATION","LI","ZOBODAT","103969374","","Diewald Wolfgang, Schleier Veronika","","CC0_1_0","","",NA,"","2026-05-28T22:07:17.588Z","","COORDINATE_ROUNDED;CONTINENT_DERIVED_FROM_COORDINATES"
4881299824,"8a863029-f435-446a-821e-275f4f641165","https://observation.org/observation/279461041","Plantae","Tracheophyta","Pinopsida","Pinales","Pinaceae","Pinus","Pinus cembra",NA,"SPECIES","Pinus cembra L.","Pinus cembra","","AT","Fiss (Gemeinde)","Tirol","PRESENT",1,"c8d737e0-2ff8-42e8-b8fc-6b805d26fc5f",47.084583,10.6107,NA,NA,NA,NA,NA,NA,"2023-07-07",7,7,2023,5285134,5285134,"HUMAN_OBSERVATION","","","","","","","CC_BY_NC_4_0","Stichting Observation International","User 59572",NA,"","2026-06-02T18:34:31.983Z","",""
6182524317,"8a863029-f435-446a-821e-275f4f641165","https://observation.org/observation/369919873","Plantae","Tracheophyta","Pinopsida","Pinales","Pinaceae","Pinus","Pinus cembra",NA,"SPECIES","Pinus cembra L.","Pinus cembra","","AT","Krimml","Salzburg","PRESENT",1,"c8d737e0-2ff8-42e8-b8fc-6b805d26fc5f",47.240044,12.127292,4,NA,NA,NA,NA,NA,"2025-08-02",2,8,2025,5285134,5285134,"HUMAN_OBSERVATION","","","","","","","CC_BY_NC_4_0","Stichting Observation International","User 5009",NA,"","2026-06-02T18:35:31.057Z","",""
3009368744,"c7730a08-74b4-48cd-80a7-831a19ac660d","E6E9001A-9362-45D6-8D3C-F02D44578DE0","Plantae","Tracheophyta","Pinopsida","Pinales","Pinaceae","Pinus","Pinus cembra",NA,"SPECIES","Pinus cembra L.","Pinus cembra L.","L.","AT","Krimml","","PRESENT",NA,"7a070ba0-bafb-11d9-8e53-b8a03c50a862",47.144128,12.190626,111,NA,1640,NA,NA,NA,"2005-07-22",22,7,2005,5285134,5285134,"HUMAN_OBSERVATION","HNS","Biodiversitätsdatenbank Nationalpark Hohe Tauern","472082","","","","CC_BY_NC_4_0","","ContactID: 3579",NA,"","2026-05-28T13:07:48.847Z","","CONTINENT_DERIVED_FROM_COORDINATES"
4926051483,"50c9509d-22c7-4a22-a47d-8c48425ef4a7","https://www.inaturalist.org/observations/236882202","Plantae","Tracheophyta","Pinopsida","Pinales","Pinaceae","Pinus","Pinus cembra",NA,"SPECIES","Pinus cembra L.","Pinus cembra","","AT","","Salzburg","PRESENT",NA,"28eb1a3f-1c15-4a95-931a-4af90ecb574d",47.250251,13.842839,10,NA,NA,NA,NA,NA,"2024-08-12T11:34",12,8,2024,5285134,5285134,"HUMAN_OBSERVATION","iNaturalist","Observations","236882202","","David Paloch","2024-08-20T10:29:23","CC_BY_NC_4_0","David Paloch","David Paloch",NA,"","2026-06-06T03:40:55.685Z","StillImage","COORDINATE_ROUNDED;CONTINENT_DERIVED_FROM_COORDINATES;TAXON_ID_NOT_FOUND"
5187952848,"50c9509d-22c7-4a22-a47d-8c48425ef4a7","https://www.inaturalist.org/observations/288142608","Plantae","Tracheophyta","Pinopsida","Pinales","Pinaceae","Pinus","Pinus cembra",NA,"SPECIES","Pinus cembra L.","Pinus cembra","","AT","","Tirol","PRESENT",NA,"28eb1a3f-1c15-4a95-931a-4af90ecb574d",46.983332,12.716667,1484,NA,NA,NA,NA,NA,"2025-06-09T10:17:13",9,6,2025,5285134,5285134,"HUMAN_OBSERVATION","iNaturalist","Observations","288142608","","jakob_mair","2025-06-09T09:09:32","CC_BY_NC_4_0","jakob_mair","jakob_mair",NA,"","2026-06-06T03:57:42.777Z","StillImage","COORDINATE_ROUNDED;CONTINENT_DERIVED_FROM_COORDINATES;TAXON_ID_NOT_FOUND"
5935543815,"50c9509d-22c7-4a22-a47d-8c48425ef4a7","https://www.inaturalist.org/observations/317565669","Plantae","Tracheophyta","Pinopsida","Pinales","Pinaceae","Pinus","Pinus cembra",NA,"SPECIES","Pinus cembra L.","Pinus cembra","","AT","","Tirol","PRESENT",NA,"28eb1a3f-1c15-4a95-931a-4af90ecb574d",47.212356,11.460717,NA,NA,NA,NA,NA,NA,"2025-09-28T14:36:33",28,9,2025,5285134,5285134,"HUMAN_OBSERVATION","iNaturalist","Observations","317565669","","plantchecker24","2025-09-29T16:17:24","CC_BY_NC_4_0","plantchecker24","plantchecker24",NA,"","2026-06-06T03:34:48.748Z","StillImage","COORDINATE_ROUNDED;CONTINENT_DERIVED_FROM_COORDINATES;TAXON_ID_NOT_FOUND"
4522522298,"50c9509d-22c7-4a22-a47d-8c48425ef4a7","https://www.inaturalist.org/observations/184825561","Plantae","Tracheophyta","Pinopsida","Pinales","Pinaceae","Pinus","Pinus cembra",NA,"SPECIES","Pinus cembra L.","Pinus cembra","","AT","","Tirol","PRESENT",NA,"28eb1a3f-1c15-4a95-931a-4af90ecb574d",46.852711,10.92013,2,NA,NA,NA,NA,NA,"2023-09-24T11:13",24,9,2023,5285134,5285134,"HUMAN_OBSERVATION","iNaturalist","Observations","184825561","","Wolfgang Bacher","2023-09-25T05:30:49","CC0_1_0","Wolfgang Bacher","Wolfgang Bacher",NA,"","2026-06-06T03:41:08.249Z","StillImage","COORDINATE_ROUNDED;CONTINENT_DERIVED_FROM_COORDINATES;TAXON_ID_NOT_FOUND"
4956098284,"8a863029-f435-446a-821e-275f4f641165","https://observation.org/observation/327854747","Plantae","Tracheophyta","Pinopsida","Pinales","Pinaceae","Pinus","Pinus cembra",NA,"SPECIES","Pinus cembra L.","Pinus cembra","","AT","Dalaas","Vorarlberg","PRESENT",1,"c8d737e0-2ff8-42e8-b8fc-6b805d26fc5f",47.16349,9.991716,10,NA,NA,NA,NA,NA,"2024-09-03",3,9,2024,5285134,5285134,"HUMAN_OBSERVATION","","","","","","","CC_BY_NC_4_0","Stichting Observation International","User 845491",NA,"","2026-06-02T18:34:51.304Z","StillImage",""
4985787785,"8a863029-f435-446a-821e-275f4f641165","https://observation.org/observation/320941582","Plantae","Tracheophyta","Pinopsida","Pinales","Pinaceae","Pinus","Pinus cembra",NA,"SPECIES","Pinus cembra L.","Pinus cembra","","AT","Reichenau (Gemeinde)","Kärnten","PRESENT",1,"c8d737e0-2ff8-42e8-b8fc-6b805d26fc5f",46.917067,13.86418,491,NA,NA,NA,NA,NA,"2024-07-24",24,7,2024,5285134,5285134,"HUMAN_OBSERVATION","","","","","","","CC_BY_NC_4_0","Stichting Observation International","User 63638",NA,"","2026-06-02T18:30:40.913Z","StillImage",""
5796345730,"857bce66-f762-11e1-a439-00145eb45e9a","https://www.zobodat.at/belege.php?id=102919069","Plantae","Tracheophyta","Pinopsida","Pinales","Pinaceae","Pinus","Pinus cembra",NA,"SPECIES","Pinus cembra L.","Pinus cembra L.","L.","AT","Biotopkartierung Oberösterreich, BID: 200815407120094, PROJNR: 200815, Fläche: 123664 m2","","PRESENT",NA,"2d6e0e40-2aee-11d8-aa2d-b8a03c50a862",47.528586,13.694484,1000,NA,1860.5,207.5,NA,NA,"2011-07-27",27,7,2011,5285134,5285134,"HUMAN_OBSERVATION","LI","ZOBODAT","102919069","","Diewald Wolfgang, Schleier Veronika","","CC0_1_0","","",NA,"","2026-05-28T22:07:31.019Z","","COORDINATE_ROUNDED;CONTINENT_DERIVED_FROM_COORDINATES"
3009214331,"c7730a08-74b4-48cd-80a7-831a19ac660d","00F47259-F573-4390-B090-8E7F0994D38E","Plantae","Tracheophyta","Pinopsida","Pinales","Pinaceae","Pinus","Pinus cembra",NA,"SPECIES","Pinus cembra L.","Pinus cembra L.","L.","AT","Nußdorf-Debant","","PRESENT",NA,"7a070ba0-bafb-11d9-8e53-b8a03c50a862",46.917829,12.74819,10,NA,2220,NA,NA,NA,"2005-07-13",13,7,2005,5285134,5285134,"HUMAN_OBSERVATION","HNS","Biodiversitätsdatenbank Nationalpark Hohe Tauern","460828","","","","CC_BY_NC_4_0","","ContactID: 3682",NA,"","2026-05-28T13:06:56.546Z","","CONTINENT_DERIVED_FROM_COORDINATES"
5826824933,"c7730a08-74b4-48cd-80a7-831a19ac660d","5BBCA5EF-21F9-4A65-83BB-5D56F3682BDA","Plantae","Tracheophyta","Pinopsida","Pinales","Pinaceae","Pinus","Pinus cembra",NA,"SPECIES","Pinus cembra L.","Pinus cembra L.","L.","AT","St.Veit in Defereggen","","PRESENT",NA,"7a070ba0-bafb-11d9-8e53-b8a03c50a862",46.93959,12.42181,4,NA,2251,NA,NA,NA,"2023-07-22",22,7,2023,5285134,5285134,"HUMAN_OBSERVATION","HNS","Biodiversitätsdatenbank Nationalpark Hohe Tauern","3028930","","","","CC_BY_NC_4_0","","ContactID: 3682",NA,"","2026-05-28T13:08:25.693Z","","CONTINENT_DERIVED_FROM_COORDINATES"
3944487347,"c1492854-5d15-40e9-9ee7-24a18ac05112","1748E9B0-3AB0-4C42-844C-9FC130B43705","Plantae","Tracheophyta","Pinopsida","Pinales","Pinaceae","Pinus","Pinus cembra",NA,"SPECIES","Pinus cembra L.","Pinus cembra L.","L.","AT","Ramingstein","","PRESENT",NA,"7a070ba0-bafb-11d9-8e53-b8a03c50a862",47.01306,13.79828,6,NA,1982,NA,NA,NA,"2021-09-26",26,9,2021,5285134,5285134,"HUMAN_OBSERVATION","HNS","Biodiversitätsdatenbank Salzburg","2669242","","","","CC_BY_NC_4_0","","ContactID: 3682",NA,"","2026-05-22T05:02:17.817Z","","CONTINENT_DERIVED_FROM_COORDINATES"
4596738345,"50c9509d-22c7-4a22-a47d-8c48425ef4a7","https://www.inaturalist.org/observations/14572064","Plantae","Tracheophyta","Pinopsida","Pinales","Pinaceae","Pinus","Pinus cembra",NA,"SPECIES","Pinus cembra L.","Pinus cembra","","AT","","Steiermark","PRESENT",NA,"28eb1a3f-1c15-4a95-931a-4af90ecb574d",47.458267,13.81275,44,NA,NA,NA,NA,NA,"2018-07-12T11:01:21Z",12,7,2018,5285134,5285134,"HUMAN_OBSERVATION","iNaturalist","Observations","14572064","","Birgit","2018-07-21T15:19:07","CC_BY_NC_4_0","Birgit","Birgit",NA,"","2026-06-06T04:05:13.069Z","","COORDINATE_ROUNDED;CONTINENT_DERIVED_FROM_COORDINATES;TAXON_ID_NOT_FOUND"
4409674547,"8a863029-f435-446a-821e-275f4f641165","https://observation.org/observation/281768458","Plantae","Tracheophyta","Pinopsida","Pinales","Pinaceae","Pinus","Pinus cembra",NA,"SPECIES","Pinus cembra L.","Pinus cembra","","AT","Hohe Tauern - Sonnseite Defereggental","Tirol","PRESENT",1,"c8d737e0-2ff8-42e8-b8fc-6b805d26fc5f",46.9099,12.2997,4,NA,NA,NA,NA,NA,"2023-07-23",23,7,2023,5285134,5285134,"HUMAN_OBSERVATION","","","","","","","CC_BY_NC_4_0","Stichting Observation International","User 186398",NA,"","2026-06-02T18:29:49.952Z","",""
5901511991,"8a863029-f435-446a-821e-275f4f641165","https://observation.org/observation/368324016","Plantae","Tracheophyta","Pinopsida","Pinales","Pinaceae","Pinus","Pinus cembra",NA,"SPECIES","Pinus cembra L.","Pinus cembra","","AT","Fiss (Gemeinde)","Tirol","PRESENT",1,"c8d737e0-2ff8-42e8-b8fc-6b805d26fc5f",47.077283,10.582088,13,NA,NA,NA,NA,NA,"2025-08-13",13,8,2025,5285134,5285134,"HUMAN_OBSERVATION","","","","","","","CC_BY_NC_4_0","Stichting Observation International","User 1093461",NA,"","2026-06-02T18:45:07.520Z","StillImage",""
5795982270,"857bce66-f762-11e1-a439-00145eb45e9a","https://www.zobodat.at/belege.php?id=102713239","Plantae","Tracheophyta","Pinopsida","Pinales","Pinaceae","Pinus","Pinus cembra",NA,"SPECIES","Pinus cembra L.","Pinus cembra L.","L.","AT","Biotopkartierung Oberösterreich, BID: 200814407090062, PROJNR: 200814, Fläche: 182069 m2","","PRESENT",NA,"2d6e0e40-2aee-11d8-aa2d-b8a03c50a862",47.524277,13.60013,1000,NA,1861.5,155.5,NA,NA,"2009-08-05",5,8,2009,5285134,5285134,"HUMAN_OBSERVATION","LI","ZOBODAT","102713239","","Schleier Veronika, Diewald Wolfgang","","CC0_1_0","","",NA,"","2026-05-28T22:06:33.079Z","","COORDINATE_ROUNDED;CONTINENT_DERIVED_FROM_COORDINATES"
5036819046,"50c9509d-22c7-4a22-a47d-8c48425ef4a7","https://www.inaturalist.org/observations/187515127","Plantae","Tracheophyta","Pinopsida","Pinales","Pinaceae","Pinus","Pinus cembra",NA,"SPECIES","Pinus cembra L.","Pinus cembra","","AT","","Kärnten","PRESENT",NA,"28eb1a3f-1c15-4a95-931a-4af90ecb574d",46.864866,13.754686,1246,NA,NA,NA,NA,NA,"2023-10-14T12:11",14,10,2023,5285134,5285134,"HUMAN_OBSERVATION","iNaturalist","Observations","187515127","","maxbecke","2025-01-11T20:20:55","CC_BY_NC_4_0","Petzenbär","Petzenbär",NA,"","2026-06-06T03:32:44.812Z","StillImage","COORDINATE_ROUNDED;CONTINENT_DERIVED_FROM_COORDINATES;TAXON_ID_NOT_FOUND"
3944447574,"c7730a08-74b4-48cd-80a7-831a19ac660d","72B64C75-F000-4F3B-AAB4-85DC229FC196","Plantae","Tracheophyta","Pinopsida","Pinales","Pinaceae","Pinus","Pinus cembra",NA,"SPECIES","Pinus cembra L.","Pinus cembra L.","L.","AT","Mallnitz","","PRESENT",NA,"7a070ba0-bafb-11d9-8e53-b8a03c50a862",46.994126,13.185847,100,NA,1855,NA,NA,NA,"2021-06-18",18,6,2021,5285134,5285134,"HUMAN_OBSERVATION","HNS","Biodiversitätsdatenbank Nationalpark Hohe Tauern","2764527","","","","CC_BY_NC_4_0","","ContactID: 159103",NA,"","2026-05-28T13:08:06.637Z","","CONTINENT_DERIVED_FROM_COORDINATES"
5794994905,"857bce66-f762-11e1-a439-00145eb45e9a","https://www.zobodat.at/belege.php?id=103045436","Plantae","Tracheophyta","Pinopsida","Pinales","Pinaceae","Pinus","Pinus cembra",NA,"SPECIES","Pinus cembra L.","Pinus cembra L.","L.","AT","Biotopkartierung Oberösterreich, BID: 200810409140103, PROJNR: 200810, Fläche: 191968 m2","","PRESENT",NA,"2d6e0e40-2aee-11d8-aa2d-b8a03c50a862",47.733279,14.455192,1000,NA,1100,240,NA,NA,"2011-09-02",2,9,2011,5285134,5285134,"HUMAN_OBSERVATION","LI","ZOBODAT","103045436","","Hanak Astrid, Urban Rüdiger","","CC0_1_0","","",NA,"","2026-05-28T22:06:19.611Z","","COORDINATE_ROUNDED;CONTINENT_DERIVED_FROM_COORDINATES"
5230139170,"50c9509d-22c7-4a22-a47d-8c48425ef4a7","https://www.inaturalist.org/observations/299648906","Plantae","Tracheophyta","Pinopsida","Pinales","Pinaceae","Pinus","Pinus cembra",NA,"SPECIES","Pinus cembra L.","Pinus cembra","","AT","","Steiermark","PRESENT",NA,"28eb1a3f-1c15-4a95-931a-4af90ecb574d",47.514331,13.856815,100,NA,NA,NA,NA,NA,"2025-07-19T15:01",19,7,2025,5285134,5285134,"HUMAN_OBSERVATION","iNaturalist","Observations","299648906","","maxbecke","2025-07-20T21:21:11","CC_BY_NC_4_0","maxbecke","maxbecke",NA,"","2026-06-06T03:58:01.015Z","StillImage","COORDINATE_ROUNDED;CONTINENT_DERIVED_FROM_COORDINATES;TAXON_ID_NOT_FOUND"
3904702246,"8a863029-f435-446a-821e-275f4f641165","https://observation.org/observation/250210481","Plantae","Tracheophyta","Pinopsida","Pinales","Pinaceae","Pinus","Pinus cembra",NA,"SPECIES","Pinus cembra L.","Pinus cembra","","AT","Sölden (Gemeinde)","Tirol","PRESENT",1,"c8d737e0-2ff8-42e8-b8fc-6b805d26fc5f",46.956097,10.986003,NA,NA,NA,NA,NA,NA,"2022-07-24",24,7,2022,5285134,5285134,"HUMAN_OBSERVATION","","","","","","","CC_BY_NC_4_0","Stichting Observation International","User 46066",NA,"","2026-06-02T18:42:52.310Z","StillImage",""
3009235431,"c7730a08-74b4-48cd-80a7-831a19ac660d","4243400F-D69E-4FBB-8FA2-9CEA59BADE35","Plantae","Tracheophyta","Pinopsida","Pinales","Pinaceae","Pinus","Pinus cembra",NA,"SPECIES","Pinus cembra L.","Pinus cembra L.","L.","AT","Nußdorf-Debant","","PRESENT",NA,"7a070ba0-bafb-11d9-8e53-b8a03c50a862",46.924923,12.763321,111,NA,1760,NA,NA,NA,"2005-07-06",6,7,2005,5285134,5285134,"HUMAN_OBSERVATION","HNS","Biodiversitätsdatenbank Nationalpark Hohe Tauern","440154","","","","CC_BY_NC_4_0","","ContactID: 3682",NA,"","2026-05-28T13:07:06.283Z","","CONTINENT_DERIVED_FROM_COORDINATES"
3011999829,"c1492854-5d15-40e9-9ee7-24a18ac05112","9FB815B4-B59D-4B2E-B950-2901209B841B","Plantae","Tracheophyta","Pinopsida","Pinales","Pinaceae","Pinus","Pinus cembra",NA,"SPECIES","Pinus cembra L.","Pinus cembra L.","L.","AT","Zederhaus","","PRESENT",NA,"7a070ba0-bafb-11d9-8e53-b8a03c50a862",47.175,13.37502,6000,NA,NA,NA,NA,NA,"1978",NA,NA,1978,5285134,5285134,"HUMAN_OBSERVATION","HNS","Biodiversitätsdatenbank Salzburg","2123733","","","","CC_BY_NC_4_0","","ContactID: 2786",NA,"","2026-05-22T05:02:15.253Z","","CONTINENT_DERIVED_FROM_COORDINATES"
3944457571,"c7730a08-74b4-48cd-80a7-831a19ac660d","C1E58C31-ADCA-4A77-8653-503361069491","Plantae","Tracheophyta","Pinopsida","Pinales","Pinaceae","Pinus","Pinus cembra",NA,"SPECIES","Pinus cembra L.","Pinus cembra L.","L.","AT","Matrei in Osttirol","","PRESENT",NA,"7a070ba0-bafb-11d9-8e53-b8a03c50a862",47.124509,12.451567,100,NA,1700,NA,NA,NA,"2021-07-28",28,7,2021,5285134,5285134,"HUMAN_OBSERVATION","HNS","Biodiversitätsdatenbank Nationalpark Hohe Tauern","2764508","","","","CC_BY_NC_4_0","","ContactID: 5181",NA,"","2026-05-28T13:08:08.975Z","","CONTINENT_DERIVED_FROM_COORDINATES"
4009237917,"83fdfd3d-3a25-4705-9fbe-3db1d1892b13","INFOFLORA-TRAC-5006544","Plantae","Tracheophyta","Pinopsida","Pinales","Pinaceae","Pinus","Pinus cembra",NA,"SPECIES","Pinus cembra L.","Pinus cembra L.","L.","AT","","Tirol","PRESENT",NA,"64ee55c9-570a-42af-b7da-3f13c6b4e5a9",46.98289,10.29807,3535,NA,2180,NA,NA,NA,"1993-07-24",24,7,1993,5285134,5285134,"HUMAN_OBSERVATION","","","INFOFLORA-TRAC-5006544","","","","CC_BY_4_0","https://www.infoflora.ch","Bauerochse Andreas",NA,"","2026-04-23T22:11:42.648Z","","TAXON_ID_NOT_FOUND"
5230379376,"50c9509d-22c7-4a22-a47d-8c48425ef4a7","https://www.inaturalist.org/observations/137529531","Plantae","Tracheophyta","Pinopsida","Pinales","Pinaceae","Pinus","Pinus cembra",NA,"SPECIES","Pinus cembra L.","Pinus cembra","","AT","","Salzburg","PRESENT",NA,"28eb1a3f-1c15-4a95-931a-4af90ecb574d",47.238056,13.59,NA,NA,NA,NA,NA,NA,"2022-10-03T16:45:16",3,10,2022,5285134,5285134,"HUMAN_OBSERVATION","iNaturalist","Observations","137529531","","Robert Kampf","2022-10-04T15:01:10","CC_BY_4_0","Robert Kampf","Robert Kampf",NA,"","2026-06-06T03:42:29.883Z","StillImage","COORDINATE_ROUNDED;CONTINENT_DERIVED_FROM_COORDINATES;TAXON_ID_NOT_FOUND"
3732394960,"8a863029-f435-446a-821e-275f4f641165","https://observation.org/observation/224807129","Plantae","Tracheophyta","Pinopsida","Pinales","Pinaceae","Pinus","Pinus cembra",NA,"SPECIES","Pinus cembra L.","Pinus cembra","","AT","Untertauern","Salzburg","PRESENT",1,"c8d737e0-2ff8-42e8-b8fc-6b805d26fc5f",47.283337,13.521949,3,NA,NA,NA,NA,NA,"2021-09-04",4,9,2021,5285134,5285134,"HUMAN_OBSERVATION","","","","","","","CC_BY_NC_4_0","Stichting Observation International","User 186398",NA,"","2026-06-02T18:33:48.012Z","",""
3732831853,"8a863029-f435-446a-821e-275f4f641165","https://observation.org/observation/224791091","Plantae","Tracheophyta","Pinopsida","Pinales","Pinaceae","Pinus","Pinus cembra",NA,"SPECIES","Pinus cembra L.","Pinus cembra","","AT","Untertauern","Salzburg","PRESENT",1,"c8d737e0-2ff8-42e8-b8fc-6b805d26fc5f",47.278548,13.53869,17,NA,NA,NA,NA,NA,"2021-09-04",4,9,2021,5285134,5285134,"HUMAN_OBSERVATION","","","","","","","CC_BY_NC_4_0","Stichting Observation International","User 166207",NA,"","2026-06-02T18:43:05.098Z","",""
6248236583,"c1492854-5d15-40e9-9ee7-24a18ac05112","3B2D71C4-A286-471D-A1C0-ED75D7151C2E","Plantae","Tracheophyta","Pinopsida","Pinales","Pinaceae","Pinus","Pinus cembra",NA,"SPECIES","Pinus cembra L.","Pinus cembra L.","L.","AT","Pichl-Preunegg","","PRESENT",NA,"7a070ba0-bafb-11d9-8e53-b8a03c50a862",47.355178,13.639344,999,NA,NA,NA,NA,NA,"2025-08-28",28,8,2025,5285134,5285134,"HUMAN_OBSERVATION","HNS","Biodiversitätsdatenbank Salzburg","3971361","","","","CC_BY_NC_4_0","","ContactID: 2786",NA,"","2026-05-22T05:02:11.900Z","","CONTINENT_DERIVED_FROM_COORDINATES"
3944434801,"c7730a08-74b4-48cd-80a7-831a19ac660d","CF1CF24A-E017-42E9-B473-55A36760DA13","Plantae","Tracheophyta","Pinopsida","Pinales","Pinaceae","Pinus","Pinus cembra",NA,"SPECIES","Pinus cembra L.","Pinus cembra L.","L.","AT","Mallnitz","","PRESENT",NA,"7a070ba0-bafb-11d9-8e53-b8a03c50a862",47.014263,13.276192,100,NA,2057,NA,NA,NA,"2021-08-04",4,8,2021,5285134,5285134,"HUMAN_OBSERVATION","HNS","Biodiversitätsdatenbank Nationalpark Hohe Tauern","2764504","","","","CC_BY_NC_4_0","","ContactID: 159103",NA,"","2026-05-28T13:08:04.176Z","","CONTINENT_DERIVED_FROM_COORDINATES"
5795790910,"857bce66-f762-11e1-a439-00145eb45e9a","https://www.zobodat.at/belege.php?id=104128246","Plantae","Tracheophyta","Pinopsida","Pinales","Pinaceae","Pinus","Pinus cembra",NA,"SPECIES","Pinus cembra L.","Pinus cembra L.","L.","AT","Biotopkartierung Oberösterreich, BID: 200410407060280, PROJNR: 200410, Fläche: 186050 m2","","PRESENT",NA,"2d6e0e40-2aee-11d8-aa2d-b8a03c50a862",47.558777,13.576853,1000,NA,1515,30,NA,NA,"2005-07-22",22,7,2005,5285134,5285134,"HUMAN_OBSERVATION","LI","ZOBODAT","104128246","","Schleier Veronika","","CC0_1_0","","",NA,"","2026-05-28T22:06:58.551Z","","COORDINATE_ROUNDED;CONTINENT_DERIVED_FROM_COORDINATES"
3010991273,"c1492854-5d15-40e9-9ee7-24a18ac05112","718E6CE1-DB88-4E09-9584-9CCCA3E365F8","Plantae","Tracheophyta","Pinopsida","Pinales","Pinaceae","Pinus","Pinus cembra",NA,"SPECIES","Pinus cembra L.","Pinus cembra L.","L.","AT","Thomatal","","PRESENT",NA,"7a070ba0-bafb-11d9-8e53-b8a03c50a862",46.9767,13.77909,25,NA,1744,NA,NA,NA,"2020-07-28",28,7,2020,5285134,5285134,"HUMAN_OBSERVATION","HNS","Biodiversitätsdatenbank Salzburg","2434305","","","","CC_BY_NC_4_0","","ContactID: 158572",NA,"","2026-05-22T05:02:27.152Z","","CONTINENT_DERIVED_FROM_COORDINATES"
5902276909,"8a863029-f435-446a-821e-275f4f641165","https://observation.org/observation/370829030","Plantae","Tracheophyta","Pinopsida","Pinales","Pinaceae","Pinus","Pinus cembra",NA,"SPECIES","Pinus cembra L.","Pinus cembra","","AT","St. Anton am Arlberg (Gemeinde)","Tirol","PRESENT",1,"c8d737e0-2ff8-42e8-b8fc-6b805d26fc5f",47.059097,10.198205,NA,NA,NA,NA,NA,NA,"2025-08-11",11,8,2025,5285134,5285134,"HUMAN_OBSERVATION","","","","","","","CC_BY_NC_4_0","Stichting Observation International","User 384169",NA,"","2026-06-02T18:45:20.670Z","StillImage",""
5897851554,"50c9509d-22c7-4a22-a47d-8c48425ef4a7","https://www.inaturalist.org/observations/326599841","Plantae","Tracheophyta","Pinopsida","Pinales","Pinaceae","Pinus","Pinus cembra",NA,"SPECIES","Pinus cembra L.","Pinus cembra","","AT","","Tirol","PRESENT",NA,"28eb1a3f-1c15-4a95-931a-4af90ecb574d",47.013054,11.313169,2,NA,NA,NA,NA,NA,"2025-08-31T17:29",31,8,2025,5285134,5285134,"HUMAN_OBSERVATION","iNaturalist","Observations","326599841","","Wolfgang Bacher","2025-11-15T10:58:02","CC0_1_0","Wolfgang Bacher","Wolfgang Bacher",NA,"","2026-06-06T03:51:06.229Z","StillImage","COORDINATE_ROUNDED;CONTINENT_DERIVED_FROM_COORDINATES;TAXON_ID_NOT_FOUND"
4423068335,"c7730a08-74b4-48cd-80a7-831a19ac660d","069753ED-4223-4B69-BACF-A6E9688DD535","Plantae","Tracheophyta","Pinopsida","Pinales","Pinaceae","Pinus","Pinus cembra",NA,"SPECIES","Pinus cembra L.","Pinus cembra L.","L.","AT","Muhr","","PRESENT",NA,"7a070ba0-bafb-11d9-8e53-b8a03c50a862",47.12528,13.38673,8,NA,1682,NA,NA,NA,"2021-10-09",9,10,2021,5285134,5285134,"HUMAN_OBSERVATION","HNS","Biodiversitätsdatenbank Nationalpark Hohe Tauern","2669309","","","","CC_BY_NC_4_0","","ContactID: 3682",NA,"","2026-05-28T13:08:14.767Z","","CONTINENT_DERIVED_FROM_COORDINATES"
5795230496,"857bce66-f762-11e1-a439-00145eb45e9a","https://www.zobodat.at/belege.php?id=104013953","Plantae","Tracheophyta","Pinopsida","Pinales","Pinaceae","Pinus","Pinus cembra",NA,"SPECIES","Pinus cembra L.","Pinus cembra L.","L.","AT","Biotopkartierung Oberösterreich, BID: 200202409180906, PROJNR: 200202, Fläche: 164848 m2","","PRESENT",NA,"2d6e0e40-2aee-11d8-aa2d-b8a03c50a862",47.654978,14.278113,1000,NA,1615,135,NA,NA,"2003-08-13",13,8,2003,5285134,5285134,"HUMAN_OBSERVATION","LI","ZOBODAT","104013953","","Diewald Wolfgang","","CC0_1_0","","",NA,"","2026-05-28T22:06:56.490Z","","COORDINATE_ROUNDED;CONTINENT_DERIVED_FROM_COORDINATES"
6346596639,"7b904404-f762-11e1-a439-00145eb45e9a","56C8C4E5-F332-407D-AE81-9E283849AE34","Plantae","Tracheophyta","Pinopsida","Pinales","Pinaceae","Pinus","Pinus cembra",NA,"SPECIES","Pinus cembra L.","Pinus cembra L.","L.","AT","Ladis - Neuegg","Nordtirol","PRESENT",NA,"f9912a00-84a9-11d9-8952-b8a03c50a862",47.0883,10.645,NA,NA,NA,NA,NA,NA,"1980-07-26",26,7,1980,5285134,5285134,"PRESERVED_SPECIMEN","TLMF","IBF","1756778","","Schagowetz Max","","CC_BY_4_0","Tiroler Landesmuseen-Betriebsgesellschaft m.b.H.","Schagowetz Max",NA,"","2026-06-03T12:48:50.069Z","","COUNTRY_DERIVED_FROM_COORDINATES;CONTINENT_DERIVED_FROM_COORDINATES;TAXON_ID_NOT_FOUND"
3011064662,"c1492854-5d15-40e9-9ee7-24a18ac05112","87C1096E-3E17-4F40-AAA9-70067EDC2720","Plantae","Tracheophyta","Pinopsida","Pinales","Pinaceae","Pinus","Pinus cembra",NA,"SPECIES","Pinus cembra L.","Pinus cembra L.","L.","AT","Albeck","","PRESENT",NA,"7a070ba0-bafb-11d9-8e53-b8a03c50a862",46.923789,13.914398,NA,NA,1850,NA,NA,NA,"2014-08-25",25,8,2014,5285134,5285134,"HUMAN_OBSERVATION","HNS","Biodiversitätsdatenbank Salzburg","1521908","","","","CC_BY_NC_4_0","","ContactID: 3682",NA,"","2026-05-22T05:01:44.560Z","","CONTINENT_DERIVED_FROM_COORDINATES"
4160899264,"8a863029-f435-446a-821e-275f4f641165","https://observation.org/observation/277972884","Plantae","Tracheophyta","Pinopsida","Pinales","Pinaceae","Pinus","Pinus cembra",NA,"SPECIES","Pinus cembra L.","Pinus cembra","","AT","Hohentauern","Steiermark","PRESENT",1,"c8d737e0-2ff8-42e8-b8fc-6b805d26fc5f",47.434312,14.434034,4,NA,NA,NA,NA,NA,"2023-06-25",25,6,2023,5285134,5285134,"HUMAN_OBSERVATION","","","","","","","CC_BY_NC_4_0","Stichting Observation International","User 166207",NA,"","2026-06-02T18:34:18.010Z","",""
3727169328,"8a863029-f435-446a-821e-275f4f641165","https://observation.org/observation/197534479","Plantae","Tracheophyta","Pinopsida","Pinales","Pinaceae","Pinus","Pinus cembra",NA,"SPECIES","Pinus cembra L.","Pinus cembra","","AT","St. Jakob in Defereggen (Gemeinde)","Tirol","PRESENT",1,"c8d737e0-2ff8-42e8-b8fc-6b805d26fc5f",46.949677,12.21255,25,NA,NA,NA,NA,NA,"2020-07-09",9,7,2020,5285134,5285134,"HUMAN_OBSERVATION","","","","","","","CC_BY_NC_4_0","Stichting Observation International","User 1032",NA,"","2026-06-02T18:34:25.497Z","",""
4990779042,"644536b8-e3a1-46bd-95cc-ebfb8e7d2c53","present","Plantae","Tracheophyta","Pinopsida","Pinales","Pinaceae","Pinus","Pinus cembra",NA,"SPECIES","Pinus cembra L.","Pinus cembra","L.","AT","Rosenau am Hengstpaß","","PRESENT",NA,"90d71b83-ed31-44fc-bab9-a604c8e7c2b0",47.73,14.46,1008,NA,NA,NA,NA,NA,"2017-07-06",6,7,2017,5285134,5285134,"HUMAN_OBSERVATION","1","Biodiversitätsdatenbank Nationalpark Kalkalpen","511888","","Fuxjäger Christian","","CC_BY_4_0","","Steinparzer Matthias ; Szücs Daniel",NA,"","2026-04-29T07:02:27.939Z","","CONTINENT_DERIVED_FROM_COORDINATES;OCCURRENCE_STATUS_UNPARSABLE"
4990664553,"7b9ee3cf-c98e-43a3-93b0-1672151e43eb","present","Plantae","Tracheophyta","Pinopsida","Pinales","Pinaceae","Pinus","Pinus cembra",NA,"SPECIES","Pinus cembra L.","Pinus cembra L.","","AT","","","PRESENT",NA,"0752a2b0-b635-4fb1-ae5d-50563d60f46e",47.56,14.73,1010,NA,1560,NA,NA,NA,"2015-08-30",30,8,2015,5285134,5285134,"HUMAN_OBSERVATION","1","Biodiversitätsdatenbank Nationalpark Gesäuse","158401","","Kreiner Daniel","","CC_BY_4_0","","Kreiner Daniel",NA,"","2026-04-24T07:02:26.833Z","","CONTINENT_DERIVED_FROM_COORDINATES;OCCURRENCE_STATUS_UNPARSABLE"
5901624795,"8a863029-f435-446a-821e-275f4f641165","https://observation.org/observation/372418706","Plantae","Tracheophyta","Pinopsida","Pinales","Pinaceae","Pinus","Pinus cembra",NA,"SPECIES","Pinus cembra L.","Pinus cembra","","AT","Umhausen (Gemeinde)","Tirol","PRESENT",1,"c8d737e0-2ff8-42e8-b8fc-6b805d26fc5f",47.103133,10.885087,1,NA,NA,NA,NA,NA,"2025-09-08",8,9,2025,5285134,5285134,"HUMAN_OBSERVATION","","","","","","","CC_BY_NC_4_0","Stichting Observation International","User 1029929",NA,"","2026-06-02T18:31:47.741Z","StillImage",""
3009248857,"c7730a08-74b4-48cd-80a7-831a19ac660d","8B541C60-4E5F-454C-B9E2-FF1E4AF1A546","Plantae","Tracheophyta","Pinopsida","Pinales","Pinaceae","Pinus","Pinus cembra",NA,"SPECIES","Pinus cembra L.","Pinus cembra L.","L.","AT","Krimml","","PRESENT",NA,"7a070ba0-bafb-11d9-8e53-b8a03c50a862",47.177822,12.174034,111,NA,1840,NA,NA,NA,"2005-07-06",6,7,2005,5285134,5285134,"HUMAN_OBSERVATION","HNS","Biodiversitätsdatenbank Nationalpark Hohe Tauern","471841","","","","CC_BY_NC_4_0","","ContactID: 3579",NA,"","2026-05-28T13:07:11.956Z","","CONTINENT_DERIVED_FROM_COORDINATES"
3009244859,"c7730a08-74b4-48cd-80a7-831a19ac660d","7060CEBC-72DE-4D90-B063-01B22A9755FD","Plantae","Tracheophyta","Pinopsida","Pinales","Pinaceae","Pinus","Pinus cembra",NA,"SPECIES","Pinus cembra L.","Pinus cembra L.","L.","AT","Nußdorf-Debant","","PRESENT",NA,"7a070ba0-bafb-11d9-8e53-b8a03c50a862",46.923608,12.765348,111,NA,1730,NA,NA,NA,"2005-07-06",6,7,2005,5285134,5285134,"HUMAN_OBSERVATION","HNS","Biodiversitätsdatenbank Nationalpark Hohe Tauern","440304","","","","CC_BY_NC_4_0","","ContactID: 3682",NA,"","2026-05-28T13:07:10.335Z","","CONTINENT_DERIVED_FROM_COORDINATES"
3011403703,"c1492854-5d15-40e9-9ee7-24a18ac05112","F2F568A9-0A8B-4669-A9E1-FBD1A0879E2B","Plantae","Tracheophyta","Pinopsida","Pinales","Pinaceae","Pinus","Pinus cembra",NA,"SPECIES","Pinus cembra L.","Pinus cembra L.","L.","AT","Krimml","","PRESENT",NA,"7a070ba0-bafb-11d9-8e53-b8a03c50a862",47.175,12.12501,6000,NA,NA,NA,NA,NA,"1981",NA,NA,1981,5285134,5285134,"HUMAN_OBSERVATION","HNS","Biodiversitätsdatenbank Salzburg","2101442","","","","CC_BY_NC_4_0","","ContactID: 2786",NA,"","2026-05-22T05:02:30.252Z","","CONTINENT_DERIVED_FROM_COORDINATES"
4160211926,"8a863029-f435-446a-821e-275f4f641165","https://observation.org/observation/267547642","Plantae","Tracheophyta","Pinopsida","Pinales","Pinaceae","Pinus","Pinus cembra",NA,"SPECIES","Pinus cembra L.","Pinus cembra","","AT","Salzburg - Oberpinzgauer Talboden","Salzburg","PRESENT",1,"c8d737e0-2ff8-42e8-b8fc-6b805d26fc5f",47.273149,12.566614,4,NA,NA,NA,NA,NA,"2023-04-12",12,4,2023,5285134,5285134,"HUMAN_OBSERVATION","","","","","","","CC_BY_NC_4_0","Stichting Observation International","User 166207",NA,"","2026-06-02T18:47:29.514Z","StillImage",""
5004405375,"7f5260c2-f762-11e1-a439-00145eb45e9a","https://w.jacq.org/W0187890","Plantae","Tracheophyta","Pinopsida","Pinales","Pinaceae","Pinus","Pinus cembra",NA,"SPECIES","Pinus cembra L.","Pinus cembra L.","L.","AT","[Alpenexkursion ins Gebiet der Fraganterhütte, Kärnten, Österreich], Schobertal, Bretterich, vor dem letzten Abstieg zur Hütte, 1900 m","","PRESENT",NA,"4e11d750-bafb-11d9-8e53-b8a03c50a862",46.95556,13.00972,1000,NA,1900,NA,NA,NA,"1984-07-09",9,7,1984,5285134,5285134,"PRESERVED_SPECIMEN","W","Herbarium W","0187890","84 097 171","Schmitz","","CC_BY_4_0","","Schmitz,J. 84 097 171",NA,"","2026-06-10T10:55:26.348Z","","CONTINENT_DERIVED_FROM_COORDINATES;INSTITUTION_MATCH_FUZZY;COLLECTION_MATCH_FUZZY;SCIENTIFIC_NAME_ID_NOT_FOUND"
3009334307,"c7730a08-74b4-48cd-80a7-831a19ac660d","5D44097B-9F86-4006-9DDD-481B24C36866","Plantae","Tracheophyta","Pinopsida","Pinales","Pinaceae","Pinus","Pinus cembra",NA,"SPECIES","Pinus cembra L.","Pinus cembra L.","L.","AT","Badgastein","","PRESENT",NA,"7a070ba0-bafb-11d9-8e53-b8a03c50a862",47.093251,13.203837,111,NA,1800,NA,NA,NA,"2006-09-13",13,9,2006,5285134,5285134,"HUMAN_OBSERVATION","HNS","Biodiversitätsdatenbank Nationalpark Hohe Tauern","465771","","","","CC_BY_NC_4_0","","ContactID: 3579",NA,"","2026-05-28T13:07:36.723Z","","CONTINENT_DERIVED_FROM_COORDINATES"
3944585437,"c1492854-5d15-40e9-9ee7-24a18ac05112","F2C14956-2619-4797-A52F-0F528EF3B65F","Plantae","Tracheophyta","Pinopsida","Pinales","Pinaceae","Pinus","Pinus cembra",NA,"SPECIES","Pinus cembra L.","Pinus cembra L.","L.","AT","Tamsweg","","PRESENT",NA,"7a070ba0-bafb-11d9-8e53-b8a03c50a862",47.18283,13.87038,11,NA,1651,NA,NA,NA,"2022-02-21",21,2,2022,5285134,5285134,"HUMAN_OBSERVATION","HNS","Biodiversitätsdatenbank Salzburg","2736327","","","","CC_BY_NC_4_0","","ContactID: 159017",NA,"","2026-05-22T05:02:18.649Z","","CONTINENT_DERIVED_FROM_COORDINATES"
3949421928,"7a3679ef-5582-4aaa-81f0-8c2545cafc81","o-1011783645","Plantae","Tracheophyta","Pinopsida","Pinales","Pinaceae","Pinus","Pinus cembra",NA,"SPECIES","Pinus cembra L.","Pinus cembra L.","L.","AT","","","PRESENT",1,"da86174a-a605-43a4-a5e8-53d484152cd3",46.916379,13.865368,5,NA,1977.58,0,NA,NA,"2021-08-20T08:36:39.900Z",20,8,2021,5285134,5285134,"HUMAN_OBSERVATION","","","","","","","CC_BY_4_0","","",NA,"","2026-04-24T02:17:41.847Z","StillImage","COORDINATE_ROUNDED;COUNTRY_DERIVED_FROM_COORDINATES;CONTINENT_DERIVED_FROM_COORDINATES"
6247987457,"c1492854-5d15-40e9-9ee7-24a18ac05112","AFE6C750-F297-46BD-8F3F-0244B01BE258","Plantae","Tracheophyta","Pinopsida","Pinales","Pinaceae","Pinus","Pinus cembra",NA,"SPECIES","Pinus cembra L.","Pinus cembra L.","L.","AT","Golling an der Salzach","","PRESENT",NA,"7a070ba0-bafb-11d9-8e53-b8a03c50a862",47.532678,13.112682,3,NA,1678,NA,NA,NA,"2025-10-01",1,10,2025,5285134,5285134,"HUMAN_OBSERVATION","HNS","Biodiversitätsdatenbank Salzburg","3923152","","","","CC_BY_NC_4_0","","ContactID: 3682",NA,"","2026-05-22T05:02:42.906Z","","CONTINENT_DERIVED_FROM_COORDINATES"
4423222187,"c1492854-5d15-40e9-9ee7-24a18ac05112","9E8A51F6-33D4-4E4B-B48D-9CABD3A4C8A4","Plantae","Tracheophyta","Pinopsida","Pinales","Pinaceae","Pinus","Pinus cembra",NA,"SPECIES","Pinus cembra L.","Pinus cembra L.","L.","AT","Lessach","","PRESENT",NA,"7a070ba0-bafb-11d9-8e53-b8a03c50a862",47.20467,13.84625,10,NA,1998,NA,NA,NA,"2023-05-29",29,5,2023,5285134,5285134,"HUMAN_OBSERVATION","HNS","Biodiversitätsdatenbank Salzburg","3067150","","","","CC_BY_NC_4_0","","ContactID: 159017",NA,"","2026-05-22T05:02:38.950Z","","CONTINENT_DERIVED_FROM_COORDINATES"
3011517630,"c1492854-5d15-40e9-9ee7-24a18ac05112","0FE3A4C7-CCB7-43AA-86E9-C37F3647474B","Plantae","Tracheophyta","Pinopsida","Pinales","Pinaceae","Pinus","Pinus cembra",NA,"SPECIES","Pinus cembra L.","Pinus cembra L.","L.","AT","Muhr","","PRESENT",NA,"7a070ba0-bafb-11d9-8e53-b8a03c50a862",47.075,13.54168,6000,NA,NA,NA,NA,NA,"1982",NA,NA,1982,5285134,5285134,"HUMAN_OBSERVATION","HNS","Biodiversitätsdatenbank Salzburg","2150335","","","","CC_BY_NC_4_0","","ContactID: 2786",NA,"","2026-05-22T05:02:12.595Z","","CONTINENT_DERIVED_FROM_COORDINATES"
5827242769,"c1492854-5d15-40e9-9ee7-24a18ac05112","2493EBAE-7FB0-4517-A640-8178854E190F","Plantae","Tracheophyta","Pinopsida","Pinales","Pinaceae","Pinus","Pinus cembra",NA,"SPECIES","Pinus cembra L.","Pinus cembra L.","L.","AT","Jerzens","","PRESENT",NA,"7a070ba0-bafb-11d9-8e53-b8a03c50a862",47.163249,10.773671,947,NA,NA,NA,NA,NA,"2024-07-21",21,7,2024,5285134,5285134,"HUMAN_OBSERVATION","HNS","Biodiversitätsdatenbank Salzburg","3573926","","","","CC_BY_NC_4_0","","ContactID: 2786",NA,"","2026-05-22T05:02:33.048Z","","CONTINENT_DERIVED_FROM_COORDINATES"
3012172033,"c1492854-5d15-40e9-9ee7-24a18ac05112","D4BEB3FE-64C3-4CC2-9651-3308F0F7F40F","Plantae","Tracheophyta","Pinopsida","Pinales","Pinaceae","Pinus","Pinus cembra",NA,"SPECIES","Pinus cembra L.","Pinus cembra L.","L.","AT","Uttendorf","","PRESENT",NA,"7a070ba0-bafb-11d9-8e53-b8a03c50a862",47.175,12.62501,6000,NA,NA,NA,NA,NA,"1978",NA,NA,1978,5285134,5285134,"HUMAN_OBSERVATION","HNS","Biodiversitätsdatenbank Salzburg","2108730","","","","CC_BY_NC_4_0","","ContactID: 2786",NA,"","2026-05-22T05:02:24.308Z","","CONTINENT_DERIVED_FROM_COORDINATES"
4423072406,"c7730a08-74b4-48cd-80a7-831a19ac660d","C5B1411E-0D17-405C-872E-D6C568ECCECA","Plantae","Tracheophyta","Pinopsida","Pinales","Pinaceae","Pinus","Pinus cembra",NA,"SPECIES","Pinus cembra L.","Pinus cembra L.","L.","AT","Muhr","","PRESENT",NA,"7a070ba0-bafb-11d9-8e53-b8a03c50a862",47.10063,13.41157,3,NA,1738,NA,NA,NA,"2021-07-17",17,7,2021,5285134,5285134,"HUMAN_OBSERVATION","HNS","Biodiversitätsdatenbank Nationalpark Hohe Tauern","2617545","","","","CC_BY_NC_4_0","","ContactID: 3337",NA,"","2026-05-28T13:08:16.806Z","","CONTINENT_DERIVED_FROM_COORDINATES"
3011428837,"c1492854-5d15-40e9-9ee7-24a18ac05112","F254A9F6-B2AA-49B7-BF10-C180ED6E0A33","Plantae","Tracheophyta","Pinopsida","Pinales","Pinaceae","Pinus","Pinus cembra",NA,"SPECIES","Pinus cembra L.","Pinus cembra L.","L.","AT","Großarl","","PRESENT",NA,"7a070ba0-bafb-11d9-8e53-b8a03c50a862",47.225,13.29168,6000,NA,NA,NA,NA,NA,"1974",NA,NA,1974,5285134,5285134,"HUMAN_OBSERVATION","HNS","Biodiversitätsdatenbank Salzburg","2090667","","","","CC_BY_NC_4_0","","ContactID: 2786",NA,"","2026-05-22T05:02:17.924Z","","CONTINENT_DERIVED_FROM_COORDINATES"
4423085783,"c1492854-5d15-40e9-9ee7-24a18ac05112","0900C511-3AAC-4A0E-BE69-269EAE4F47A7","Plantae","Tracheophyta","Pinopsida","Pinales","Pinaceae","Pinus","Pinus cembra",NA,"SPECIES","Pinus cembra L.","Pinus cembra L.","L.","AT","Rauris","","PRESENT",NA,"7a070ba0-bafb-11d9-8e53-b8a03c50a862",47.06595,12.99577,32,NA,1871,NA,NA,NA,"2023-07-14",14,7,2023,5285134,5285134,"HUMAN_OBSERVATION","HNS","Biodiversitätsdatenbank Salzburg","3129994","","","","CC_BY_NC_4_0","","ContactID: 2786",NA,"","2026-05-22T05:02:19.597Z","","CONTINENT_DERIVED_FROM_COORDINATES"
5796223020,"857bce66-f762-11e1-a439-00145eb45e9a","https://www.zobodat.at/belege.php?id=102966541","Plantae","Tracheophyta","Pinopsida","Pinales","Pinaceae","Pinus","Pinus cembra",NA,"SPECIES","Pinus cembra L.","Pinus cembra L.","L.","AT","Biotopkartierung Oberösterreich, BID: 200202409180284, PROJNR: 200202, Fläche: 52564 m2","","PRESENT",NA,"2d6e0e40-2aee-11d8-aa2d-b8a03c50a862",47.622554,14.255021,1000,NA,1713,110,NA,NA,"2004-10-12",12,10,2004,5285134,5285134,"HUMAN_OBSERVATION","LI","ZOBODAT","102966541","","Sichler Markus, Schleier Veronika","","CC0_1_0","","",NA,"","2026-05-28T22:07:30.041Z","","COORDINATE_ROUNDED;CONTINENT_DERIVED_FROM_COORDINATES"
4423315518,"c1492854-5d15-40e9-9ee7-24a18ac05112","C75C2CB3-850E-48CB-AB6D-2AC9D4965726","Plantae","Tracheophyta","Pinopsida","Pinales","Pinaceae","Pinus","Pinus cembra",NA,"SPECIES","Pinus cembra L.","Pinus cembra L.","L.","AT","St.Jakob in Defereggen","","PRESENT",NA,"7a070ba0-bafb-11d9-8e53-b8a03c50a862",46.95108,12.3021,25,NA,2023,NA,NA,NA,"2022-08-02",2,8,2022,5285134,5285134,"HUMAN_OBSERVATION","HNS","Biodiversitätsdatenbank Salzburg","2974107","","","","CC_BY_NC_4_0","","ContactID: 2786",NA,"","2026-05-22T05:02:21.743Z","","CONTINENT_DERIVED_FROM_COORDINATES"
5796414016,"857bce66-f762-11e1-a439-00145eb45e9a","https://www.zobodat.at/belege.php?id=103930791","Plantae","Tracheophyta","Pinopsida","Pinales","Pinaceae","Pinus","Pinus cembra",NA,"SPECIES","Pinus cembra L.","Pinus cembra L.","L.","AT","Biotopkartierung Oberösterreich, BID: 200815407120051, PROJNR: 200815, Fläche: 3657103 m2","","PRESENT",NA,"2d6e0e40-2aee-11d8-aa2d-b8a03c50a862",47.505363,13.726338,1000,NA,1941.5,155.5,NA,NA,"2010-07-20",20,7,2010,5285134,5285134,"HUMAN_OBSERVATION","LI","ZOBODAT","103930791","","Diewald Wolfgang, Schleier Veronika","","CC0_1_0","","",NA,"","2026-05-28T22:07:30.907Z","","COORDINATE_ROUNDED;CONTINENT_DERIVED_FROM_COORDINATES"
3012127626,"c1492854-5d15-40e9-9ee7-24a18ac05112","CA0D3C5F-41C3-4EC7-B30F-A65D300B4628","Plantae","Tracheophyta","Pinopsida","Pinales","Pinaceae","Pinus","Pinus cembra",NA,"SPECIES","Pinus cembra L.","Pinus cembra L.","L.","AT","Uttendorf","","PRESENT",NA,"7a070ba0-bafb-11d9-8e53-b8a03c50a862",47.125,12.62501,6000,NA,NA,NA,NA,NA,"1979",NA,NA,1979,5285134,5285134,"HUMAN_OBSERVATION","HNS","Biodiversitätsdatenbank Salzburg","2109645","","","","CC_BY_NC_4_0","","ContactID: 2786",NA,"","2026-05-22T05:02:33.110Z","","CONTINENT_DERIVED_FROM_COORDINATES"
3009265939,"c7730a08-74b4-48cd-80a7-831a19ac660d","AE953A89-3DA9-4A0B-9B2C-C4450ABF4D73","Plantae","Tracheophyta","Pinopsida","Pinales","Pinaceae","Pinus","Pinus cembra",NA,"SPECIES","Pinus cembra L.","Pinus cembra L.","L.","AT","Badgastein","","PRESENT",NA,"7a070ba0-bafb-11d9-8e53-b8a03c50a862",47.096221,13.202115,111,NA,1740,NA,NA,NA,"2006-09-13",13,9,2006,5285134,5285134,"HUMAN_OBSERVATION","HNS","Biodiversitätsdatenbank Nationalpark Hohe Tauern","462976","","","","CC_BY_NC_4_0","","ContactID: 3579",NA,"","2026-05-28T13:07:17.848Z","","CONTINENT_DERIVED_FROM_COORDINATES"
4423068221,"c7730a08-74b4-48cd-80a7-831a19ac660d","9F4601F7-D395-43DD-BE6D-D45322688DEB","Plantae","Tracheophyta","Pinopsida","Pinales","Pinaceae","Pinus","Pinus cembra",NA,"SPECIES","Pinus cembra L.","Pinus cembra L.","L.","AT","Muhr","","PRESENT",NA,"7a070ba0-bafb-11d9-8e53-b8a03c50a862",47.12211,13.38264,11,NA,1777,NA,NA,NA,"2021-10-09",9,10,2021,5285134,5285134,"HUMAN_OBSERVATION","HNS","Biodiversitätsdatenbank Nationalpark Hohe Tauern","2669315","","","","CC_BY_NC_4_0","","ContactID: 3682",NA,"","2026-05-28T13:08:14.872Z","","CONTINENT_DERIVED_FROM_COORDINATES"
3011100069,"c1492854-5d15-40e9-9ee7-24a18ac05112","91D506A3-4021-462D-B3F2-28F66CF9B97C","Plantae","Tracheophyta","Pinopsida","Pinales","Pinaceae","Pinus","Pinus cembra",NA,"SPECIES","Pinus cembra L.","Pinus cembra L.","L.","AT","Altenmarkt im Pongau","","PRESENT",NA,"7a070ba0-bafb-11d9-8e53-b8a03c50a862",47.325,13.45835,6000,NA,NA,NA,NA,NA,"1976",NA,NA,1976,5285134,5285134,"HUMAN_OBSERVATION","HNS","Biodiversitätsdatenbank Salzburg","2065854","","","","CC_BY_NC_4_0","","ContactID: 2786",NA,"","2026-05-22T05:01:47.934Z","","CONTINENT_DERIVED_FROM_COORDINATES"
4423066413,"c7730a08-74b4-48cd-80a7-831a19ac660d","15940430-74D0-4204-BBA0-9D1F00855481","Plantae","Tracheophyta","Pinopsida","Pinales","Pinaceae","Pinus","Pinus cembra",NA,"SPECIES","Pinus cembra L.","Pinus cembra L.","L.","AT","Heiligenblut","","PRESENT",NA,"7a070ba0-bafb-11d9-8e53-b8a03c50a862",47.02213,12.7703,48,NA,2318,NA,NA,NA,"2019-07-27",27,7,2019,5285134,5285134,"HUMAN_OBSERVATION","HNS","Biodiversitätsdatenbank Nationalpark Hohe Tauern","2313890","","","","CC_BY_NC_4_0","","ContactID: 3682",NA,"","2026-05-28T13:08:13.461Z","","CONTINENT_DERIVED_FROM_COORDINATES"
4957646311,"8a863029-f435-446a-821e-275f4f641165","https://observation.org/observation/326205959","Plantae","Tracheophyta","Pinopsida","Pinales","Pinaceae","Pinus","Pinus cembra",NA,"SPECIES","Pinus cembra L.","Pinus cembra","","AT","Golling an der Salzach","Salzburg","PRESENT",1,"c8d737e0-2ff8-42e8-b8fc-6b805d26fc5f",47.547298,13.126302,4,NA,NA,NA,NA,NA,"2024-08-29",29,8,2024,5285134,5285134,"HUMAN_OBSERVATION","","","","","","","CC_BY_NC_4_0","Stichting Observation International","User 166207",NA,"","2026-06-02T18:37:57.090Z","StillImage",""
5826825088,"c7730a08-74b4-48cd-80a7-831a19ac660d","ABE2A529-06BB-4CC7-A991-785B08D22FF2","Plantae","Tracheophyta","Pinopsida","Pinales","Pinaceae","Pinus","Pinus cembra",NA,"SPECIES","Pinus cembra L.","Pinus cembra L.","L.","AT","Neukirchen am Großvenediger","","PRESENT",NA,"7a070ba0-bafb-11d9-8e53-b8a03c50a862",47.183055,12.305388,NA,NA,NA,NA,NA,NA,"2024-07-12",12,7,2024,5285134,5285134,"HUMAN_OBSERVATION","HNS","Biodiversitätsdatenbank Nationalpark Hohe Tauern","3407607","","","","CC_BY_NC_4_0","","ContactID: 159291",NA,"","2026-05-28T13:08:25.723Z","","CONTINENT_DERIVED_FROM_COORDINATES"
4991717277,"644536b8-e3a1-46bd-95cc-ebfb8e7d2c53","present","Plantae","Tracheophyta","Pinopsida","Pinales","Pinaceae","Pinus","Pinus cembra",NA,"SPECIES","Pinus cembra L.","Pinus cembra","L.","AT","Roßleithen","","PRESENT",NA,"90d71b83-ed31-44fc-bab9-a604c8e7c2b0",47.67,14.28,1000,NA,1307,NA,NA,NA,"2010-10-03",3,10,2010,5285134,5285134,"HUMAN_OBSERVATION","1","Biodiversitätsdatenbank Nationalpark Kalkalpen","3270447","","","","CC_BY_4_0","","Heberling Oliver",NA,"","2026-04-29T07:02:16.626Z","","CONTINENT_DERIVED_FROM_COORDINATES;OCCURRENCE_STATUS_UNPARSABLE"
3012265355,"c1492854-5d15-40e9-9ee7-24a18ac05112","ECDA15A7-6F34-44C9-8214-3511A9A7E96C","Plantae","Tracheophyta","Pinopsida","Pinales","Pinaceae","Pinus","Pinus cembra",NA,"SPECIES","Pinus cembra L.","Pinus cembra L.","L.","AT","Krems in Kärnten","","PRESENT",NA,"7a070ba0-bafb-11d9-8e53-b8a03c50a862",46.960217,13.764972,NA,NA,1830,NA,NA,NA,"2014-08-09",9,8,2014,5285134,5285134,"HUMAN_OBSERVATION","HNS","Biodiversitätsdatenbank Salzburg","1521891","","","","CC_BY_NC_4_0","","ContactID: 3745",NA,"","2026-05-22T05:02:17.163Z","","CONTINENT_DERIVED_FROM_COORDINATES"
3009260524,"c7730a08-74b4-48cd-80a7-831a19ac660d","A2F94797-9985-4C26-B418-E11B4DE09A70","Plantae","Tracheophyta","Pinopsida","Pinales","Pinaceae","Pinus","Pinus cembra",NA,"SPECIES","Pinus cembra L.","Pinus cembra L.","L.","AT","St.Jakob in Defereggen","","PRESENT",NA,"7a070ba0-bafb-11d9-8e53-b8a03c50a862",46.97187,12.17584,100,NA,1995,NA,NA,NA,"2017-07-15",15,7,2017,5285134,5285134,"HUMAN_OBSERVATION","HNS","Biodiversitätsdatenbank Nationalpark Hohe Tauern","1810231","","","","CC_BY_NC_4_0","","ContactID: 3682",NA,"","2026-05-28T13:07:15.011Z","","CONTINENT_DERIVED_FROM_COORDINATES"
3383435459,"c1492854-5d15-40e9-9ee7-24a18ac05112","500C7355-B9BA-4479-964E-FAE13F35233E","Plantae","Tracheophyta","Pinopsida","Pinales","Pinaceae","Pinus","Pinus cembra",NA,"SPECIES","Pinus cembra L.","Pinus cembra L.","L.","AT","Untertauern","","PRESENT",NA,"7a070ba0-bafb-11d9-8e53-b8a03c50a862",47.24961,13.5104,15,NA,1531,NA,NA,NA,"2021-03-24",24,3,2021,5285134,5285134,"HUMAN_OBSERVATION","HNS","Biodiversitätsdatenbank Salzburg","2577394","","","","CC_BY_NC_4_0","","ContactID: 3682",NA,"","2026-05-22T05:02:17.752Z","","CONTINENT_DERIVED_FROM_COORDINATES"
5012832523,"6ac3f774-d9fb-4796-b3e9-92bf6c81c084","","Plantae","Tracheophyta","Pinopsida","Pinales","Pinaceae","Pinus","Pinus cembra",NA,"SPECIES","Pinus cembra L.","Pinus cembra","","AT","Nationalpark Hohe Tauern - Krimmler Achental","","PRESENT",NA,"bb646dff-a905-4403-a49b-6d378c2cf0d9",47.125851,12.189409,250,NA,NA,NA,NA,NA,"2011-07-15T00:00",15,7,2011,5285134,5285134,"HUMAN_OBSERVATION","NABU|naturgucker","NABU|naturgucker","90283140","","","","CC_BY_4_0","","1071388176",NA,"","2026-06-04T11:55:39.157Z","StillImage","COORDINATE_ROUNDED;GEODETIC_DATUM_ASSUMED_WGS84;CONTINENT_DERIVED_FROM_COORDINATES"
4423228296,"c1492854-5d15-40e9-9ee7-24a18ac05112","128C8DC5-5A91-46EC-B0F5-AFED1F0E9715","Plantae","Tracheophyta","Pinopsida","Pinales","Pinaceae","Pinus","Pinus cembra",NA,"SPECIES","Pinus cembra L.","Pinus cembra L.","L.","AT","Hohentauern","","PRESENT",NA,"7a070ba0-bafb-11d9-8e53-b8a03c50a862",47.44098,14.43674,16,NA,1658,NA,NA,NA,"2023-06-25",25,6,2023,5285134,5285134,"HUMAN_OBSERVATION","HNS","Biodiversitätsdatenbank Salzburg","3028963","","","","CC_BY_NC_4_0","","ContactID: 3682",NA,"","2026-05-22T05:01:58.811Z","","CONTINENT_DERIVED_FROM_COORDINATES"
4993783070,"50c9509d-22c7-4a22-a47d-8c48425ef4a7","https://www.inaturalist.org/observations/254752596","Plantae","Tracheophyta","Pinopsida","Pinales","Pinaceae","Pinus","Pinus cembra",NA,"SPECIES","Pinus cembra L.","Pinus cembra","","AT","","Tirol","PRESENT",NA,"28eb1a3f-1c15-4a95-931a-4af90ecb574d",47.064086,11.448073,2,NA,NA,NA,NA,NA,"2024-12-10T12:54",10,12,2024,5285134,5285134,"HUMAN_OBSERVATION","iNaturalist","Observations","254752596","","Wolfgang Bacher","2024-12-10T21:47:15","CC0_1_0","Wolfgang Bacher","Wolfgang Bacher",NA,"","2026-06-06T03:41:43.205Z","StillImage","COORDINATE_ROUNDED;CONTINENT_DERIVED_FROM_COORDINATES;TAXON_ID_NOT_FOUND"
3873380567,"50c9509d-22c7-4a22-a47d-8c48425ef4a7","https://www.inaturalist.org/observations/126472935","Plantae","Tracheophyta","Pinopsida","Pinales","Pinaceae","Pinus","Pinus cembra",NA,"SPECIES","Pinus cembra L.","Pinus cembra","","AT","","Kärnten","PRESENT",NA,"28eb1a3f-1c15-4a95-931a-4af90ecb574d",46.858647,13.932748,25,NA,NA,NA,NA,NA,"2022-07-16T14:16:39",16,7,2022,5285134,5285134,"HUMAN_OBSERVATION","iNaturalist","Observations","126472935","","gernotkunz","2022-07-16T13:25:14","CC_BY_NC_4_0","gernotkunz","gernotkunz",NA,"","2026-06-06T03:38:28.405Z","","COORDINATE_ROUNDED;CONTINENT_DERIVED_FROM_COORDINATES;TAXON_ID_NOT_FOUND"
5234986037,"8a863029-f435-446a-821e-275f4f641165","https://observation.org/observation/363925834","Plantae","Tracheophyta","Pinopsida","Pinales","Pinaceae","Pinus","Pinus cembra",NA,"SPECIES","Pinus cembra L.","Pinus cembra","","AT","Großkirchheim (Gemeinde)","Kärnten","PRESENT",1,"c8d737e0-2ff8-42e8-b8fc-6b805d26fc5f",46.965381,12.809354,11,NA,NA,NA,NA,NA,"2025-07-19",19,7,2025,5285134,5285134,"HUMAN_OBSERVATION","","","","","","","CC_BY_NC_4_0","Stichting Observation International","User 246610",NA,"","2026-06-02T18:32:03.915Z","",""
4986296715,"8a863029-f435-446a-821e-275f4f641165","https://observation.org/observation/322160446","Plantae","Tracheophyta","Pinopsida","Pinales","Pinaceae","Pinus","Pinus cembra",NA,"SPECIES","Pinus cembra L.","Pinus cembra","","AT","Werfen","Salzburg","PRESENT",1,"c8d737e0-2ff8-42e8-b8fc-6b805d26fc5f",47.500868,13.108595,24,NA,NA,NA,NA,NA,"2024-07-30",30,7,2024,5285134,5285134,"HUMAN_OBSERVATION","","","","","","","CC_BY_NC_4_0","Stichting Observation International","User 453585",NA,"","2026-06-02T18:34:51.200Z","StillImage",""
5231220206,"50c9509d-22c7-4a22-a47d-8c48425ef4a7","https://www.inaturalist.org/observations/299892142","Plantae","Tracheophyta","Pinopsida","Pinales","Pinaceae","Pinus","Pinus cembra",NA,"SPECIES","Pinus cembra L.","Pinus cembra","","AT","","Kärnten","PRESENT",NA,"28eb1a3f-1c15-4a95-931a-4af90ecb574d",47.005439,12.855447,2,NA,NA,NA,NA,NA,"2025-07-19T11:47:57",19,7,2025,5285134,5285134,"HUMAN_OBSERVATION","iNaturalist","Observations","299892142","","Benjamin Schedl","2025-07-21T17:30:05","CC_BY_4_0","Benjamin Schedl","Benjamin Schedl",NA,"","2026-06-06T03:57:55.807Z","StillImage","COORDINATE_ROUNDED;CONTINENT_DERIVED_FROM_COORDINATES;TAXON_ID_NOT_FOUND"
4407380758,"50c9509d-22c7-4a22-a47d-8c48425ef4a7","https://www.inaturalist.org/observations/179683225","Plantae","Tracheophyta","Pinopsida","Pinales","Pinaceae","Pinus","Pinus cembra",NA,"SPECIES","Pinus cembra L.","Pinus cembra","","AT","","Salzburg","PRESENT",NA,"28eb1a3f-1c15-4a95-931a-4af90ecb574d",47.113988,12.858512,25,NA,NA,NA,NA,NA,"2021-06-02T16:20",2,6,2021,5285134,5285134,"HUMAN_OBSERVATION","iNaturalist","Observations","179683225","","Kurt Nadler","2023-08-22T14:46:00","CC_BY_NC_4_0","Kurt Nadler","Kurt Nadler",NA,"","2026-06-06T04:03:13.099Z","StillImage","COORDINATE_ROUNDED;CONTINENT_DERIVED_FROM_COORDINATES;TAXON_ID_NOT_FOUND"
6194916456,"857bce66-f762-11e1-a439-00145eb45e9a","https://www.zobodat.at/belege.php?id=104701761","Plantae","Tracheophyta","Pinopsida","Pinales","Pinaceae","Pinus","Pinus cembra",NA,"SPECIES","Pinus cembra L.","Pinus cembra L.","L.","AT","Wies-Alm","","PRESENT",NA,"2d6e0e40-2aee-11d8-aa2d-b8a03c50a862",47.523333,13.628056,500,NA,1690,NA,NA,NA,"1996-01-01",1,1,1996,5285134,5285134,"HUMAN_OBSERVATION","LI","ZOBODAT","104701761","","Roithinger Gottfried","","CC0_1_0","","",NA,"","2026-05-28T22:06:32.344Z","","COORDINATE_ROUNDED;CONTINENT_DERIVED_FROM_COORDINATES"
5826899846,"c1492854-5d15-40e9-9ee7-24a18ac05112","620CCFD7-27F1-45A9-87FA-5E124876CA0E","Plantae","Tracheophyta","Pinopsida","Pinales","Pinaceae","Pinus","Pinus cembra",NA,"SPECIES","Pinus cembra L.","Pinus cembra L.","L.","AT","Golling an der Salzach","","PRESENT",NA,"7a070ba0-bafb-11d9-8e53-b8a03c50a862",47.538314,13.116677,4,NA,1512,NA,NA,NA,"2024-08-29",29,8,2024,5285134,5285134,"HUMAN_OBSERVATION","HNS","Biodiversitätsdatenbank Salzburg","3449602","","","","CC_BY_NC_4_0","","ContactID: 3682",NA,"","2026-05-22T05:02:02.367Z","","CONTINENT_DERIVED_FROM_COORDINATES"
3944454319,"c7730a08-74b4-48cd-80a7-831a19ac660d","00D57759-8482-46F0-8A5D-E7350DF1EC32","Plantae","Tracheophyta","Pinopsida","Pinales","Pinaceae","Pinus","Pinus cembra",NA,"SPECIES","Pinus cembra L.","Pinus cembra L.","L.","AT","Matrei in Osttirol","","PRESENT",NA,"7a070ba0-bafb-11d9-8e53-b8a03c50a862",47.126134,12.437017,100,NA,1912,NA,NA,NA,"2020-09-03",3,9,2020,5285134,5285134,"HUMAN_OBSERVATION","HNS","Biodiversitätsdatenbank Nationalpark Hohe Tauern","2764571","","","","CC_BY_NC_4_0","","ContactID: 5181",NA,"","2026-05-28T13:08:08.370Z","","CONTINENT_DERIVED_FROM_COORDINATES"
5008780569,"8a863029-f435-446a-821e-275f4f641165","https://observation.org/observation/311952102","Plantae","Tracheophyta","Pinopsida","Pinales","Pinaceae","Pinus","Pinus cembra",NA,"SPECIES","Pinus cembra L.","Pinus cembra","","AT","Hahntennjoch","Tirol","PRESENT",1,"c8d737e0-2ff8-42e8-b8fc-6b805d26fc5f",47.287228,10.652439,NA,NA,NA,NA,NA,NA,"2024-05-28",28,5,2024,5285134,5285134,"HUMAN_OBSERVATION","","","","","","","CC_BY_NC_4_0","Stichting Observation International","User 254964",NA,"","2026-06-02T18:39:35.596Z","StillImage",""
3009352963,"c7730a08-74b4-48cd-80a7-831a19ac660d","B6469B89-5024-4626-8E7B-8639060BE408","Plantae","Tracheophyta","Pinopsida","Pinales","Pinaceae","Pinus","Pinus cembra",NA,"SPECIES","Pinus cembra L.","Pinus cembra L.","L.","AT","Nußdorf-Debant","","PRESENT",NA,"7a070ba0-bafb-11d9-8e53-b8a03c50a862",46.940895,12.73335,111,NA,2100,NA,NA,NA,"2005-07-13",13,7,2005,5285134,5285134,"HUMAN_OBSERVATION","HNS","Biodiversitätsdatenbank Nationalpark Hohe Tauern","441088","","","","CC_BY_NC_4_0","","ContactID: 3682",NA,"","2026-05-28T13:07:42.891Z","","CONTINENT_DERIVED_FROM_COORDINATES"
5288149402,"8a863029-f435-446a-821e-275f4f641165","https://observation.org/observation/368105546","Plantae","Tracheophyta","Pinopsida","Pinales","Pinaceae","Pinus","Pinus cembra",NA,"SPECIES","Pinus cembra L.","Pinus cembra","","AT","Golling an der Salzach","Salzburg","PRESENT",1,"c8d737e0-2ff8-42e8-b8fc-6b805d26fc5f",47.561549,13.138085,14,NA,NA,NA,NA,NA,"2025-08-11",11,8,2025,5285134,5285134,"HUMAN_OBSERVATION","","","","","","","CC_BY_NC_4_0","Stichting Observation International","User 166207",NA,"","2026-06-02T18:35:11.624Z","",""
5901626701,"8a863029-f435-446a-821e-275f4f641165","https://observation.org/observation/367174888","Plantae","Tracheophyta","Pinopsida","Pinales","Pinaceae","Pinus","Pinus cembra",NA,"SPECIES","Pinus cembra L.","Pinus cembra","","AT","Alpbach (Gemeinde)","Tirol","PRESENT",1,"c8d737e0-2ff8-42e8-b8fc-6b805d26fc5f",47.372023,12.001459,4,NA,NA,NA,NA,NA,"2025-08-06",6,8,2025,5285134,5285134,"HUMAN_OBSERVATION","","","","","","","CC_BY_NC_4_0","Stichting Observation International","User 839455",NA,"","2026-06-02T18:45:18.502Z","StillImage",""
4519092223,"50c9509d-22c7-4a22-a47d-8c48425ef4a7","https://www.inaturalist.org/observations/179646065","Plantae","Tracheophyta","Pinopsida","Pinales","Pinaceae","Pinus","Pinus cembra",NA,"SPECIES","Pinus cembra L.","Pinus cembra","","AT","","Salzburg","PRESENT",NA,"28eb1a3f-1c15-4a95-931a-4af90ecb574d",47.109427,13.218083,NA,NA,NA,NA,NA,NA,"2021-05-21T14:45",21,5,2021,5285134,5285134,"HUMAN_OBSERVATION","iNaturalist","Observations","179646065","","Kurt Nadler","2023-08-22T07:39:11","CC_BY_NC_4_0","Kurt Nadler","Kurt Nadler",NA,"","2026-06-06T03:48:19.919Z","StillImage","COORDINATE_ROUNDED;CONTINENT_DERIVED_FROM_COORDINATES;TAXON_ID_NOT_FOUND"
4990664515,"7b9ee3cf-c98e-43a3-93b0-1672151e43eb","present","Plantae","Tracheophyta","Pinopsida","Pinales","Pinaceae","Pinus","Pinus cembra",NA,"SPECIES","Pinus cembra L.","Pinus cembra L.","","AT","Gesaeuse national park","","PRESENT",NA,"0752a2b0-b635-4fb1-ae5d-50563d60f46e",47.57,14.67,1000,NA,1860,NA,NA,NA,"2015-06-18",18,6,2015,5285134,5285134,"HUMAN_OBSERVATION","1","Biodiversitätsdatenbank Nationalpark Gesäuse","158455","","Kreiner Daniel","","CC_BY_4_0","","Kreiner Daniel",NA,"","2026-04-24T07:02:23.864Z","","CONTINENT_DERIVED_FROM_COORDINATES;OCCURRENCE_STATUS_UNPARSABLE"
4409581216,"8a863029-f435-446a-821e-275f4f641165","https://observation.org/observation/281420668","Plantae","Tracheophyta","Pinopsida","Pinales","Pinaceae","Pinus","Pinus cembra",NA,"SPECIES","Pinus cembra L.","Pinus cembra","","AT","St. Jakob in Defereggen (Gemeinde)","Tirol","PRESENT",1,"c8d737e0-2ff8-42e8-b8fc-6b805d26fc5f",46.914246,12.306108,5,NA,NA,NA,NA,NA,"2023-07-21",21,7,2023,5285134,5285134,"HUMAN_OBSERVATION","","","","","","","CC_BY_NC_4_0","Stichting Observation International","User 248211",NA,"","2026-06-02T18:37:38.843Z","",""
6234801620,"50c9509d-22c7-4a22-a47d-8c48425ef4a7","https://www.inaturalist.org/observations/168621403","Plantae","Tracheophyta","Pinopsida","Pinales","Pinaceae","Pinus","Pinus cembra",NA,"SPECIES","Pinus cembra L.","Pinus cembra","","AT","","Salzburg","PRESENT",NA,"28eb1a3f-1c15-4a95-931a-4af90ecb574d",47.159854,12.627761,3299,NA,NA,NA,NA,NA,"2023-06-21T09:53:57",21,6,2023,5285134,5285134,"HUMAN_OBSERVATION","iNaturalist","Observations","168621403","","hswts125113","2023-06-21T07:55:26","CC_BY_NC_4_0","hswts125113","hswts125113",NA,"","2026-06-06T03:43:52.445Z","StillImage","COORDINATE_ROUNDED;CONTINENT_DERIVED_FROM_COORDINATES;TAXON_ID_NOT_FOUND"
3885889584,"857bce66-f762-11e1-a439-00145eb45e9a","https://www.zobodat.at/belege.php?id=100034201","Plantae","Tracheophyta","Pinopsida","Pinales","Pinaceae","Pinus","Pinus cembra",NA,"SPECIES","Pinus cembra L.","Pinus cembra L.","L.","AT","Krippenstein","","PRESENT",NA,"2d6e0e40-2aee-11d8-aa2d-b8a03c50a862",47.516111,13.699167,2500,NA,NA,NA,NA,NA,"",NA,NA,NA,5285134,5285134,"HUMAN_OBSERVATION","LI","ZOBODAT","100034201","","Rezabek Sebastian","","CC0_1_0","","Rezabek Sebastian",NA,"","2026-05-28T22:06:21.054Z","","COORDINATE_ROUNDED;CONTINENT_DERIVED_FROM_COORDINATES"
5827224802,"c1492854-5d15-40e9-9ee7-24a18ac05112","916F66EC-930F-4119-9493-C4D0128C25F3","Plantae","Tracheophyta","Pinopsida","Pinales","Pinaceae","Pinus","Pinus cembra",NA,"SPECIES","Pinus cembra L.","Pinus cembra L.","L.","AT","Gries am Brenner","","PRESENT",NA,"7a070ba0-bafb-11d9-8e53-b8a03c50a862",47.007297,11.546138,5,NA,1847,NA,NA,NA,"2024-07-29",29,7,2024,5285134,5285134,"HUMAN_OBSERVATION","HNS","Biodiversitätsdatenbank Salzburg","3587909","","","","CC_BY_NC_4_0","","ContactID: 2786",NA,"","2026-05-22T05:02:24.158Z","","CONTINENT_DERIVED_FROM_COORDINATES"
3944460962,"c7730a08-74b4-48cd-80a7-831a19ac660d","513C3489-E54B-439C-A030-207AE6E74F92","Plantae","Tracheophyta","Pinopsida","Pinales","Pinaceae","Pinus","Pinus cembra",NA,"SPECIES","Pinus cembra L.","Pinus cembra L.","L.","AT","Matrei in Osttirol","","PRESENT",NA,"7a070ba0-bafb-11d9-8e53-b8a03c50a862",47.122799,12.431216,100,NA,1724,NA,NA,NA,"2021-08-11",11,8,2021,5285134,5285134,"HUMAN_OBSERVATION","HNS","Biodiversitätsdatenbank Nationalpark Hohe Tauern","2764487","","","","CC_BY_NC_4_0","","ContactID: 3579",NA,"","2026-05-28T13:08:09.716Z","","CONTINENT_DERIVED_FROM_COORDINATES"
4986209993,"8a863029-f435-446a-821e-275f4f641165","https://observation.org/observation/323015129","Plantae","Tracheophyta","Pinopsida","Pinales","Pinaceae","Pinus","Pinus cembra",NA,"SPECIES","Pinus cembra L.","Pinus cembra","","AT","Reichenau (Gemeinde)","Kärnten","PRESENT",1,"c8d737e0-2ff8-42e8-b8fc-6b805d26fc5f",46.916262,13.865357,NA,NA,NA,NA,NA,NA,"2024-08-06",6,8,2024,5285134,5285134,"HUMAN_OBSERVATION","","","","","","","CC_BY_NC_4_0","Stichting Observation International","User 1016560",NA,"","2026-06-02T18:35:51.808Z","StillImage",""
5826818432,"c7730a08-74b4-48cd-80a7-831a19ac660d","5E7DE6F8-8F8F-4631-A8C4-580CEB74578D","Plantae","Tracheophyta","Pinopsida","Pinales","Pinaceae","Pinus","Pinus cembra",NA,"SPECIES","Pinus cembra L.","Pinus cembra L.","L.","AT","St.Jakob in Defereggen","","PRESENT",NA,"7a070ba0-bafb-11d9-8e53-b8a03c50a862",46.91012,12.30057,4,NA,1421,NA,NA,NA,"2023-07-23",23,7,2023,5285134,5285134,"HUMAN_OBSERVATION","HNS","Biodiversitätsdatenbank Nationalpark Hohe Tauern","3028946","","","","CC_BY_NC_4_0","","ContactID: 3682",NA,"","2026-05-28T13:08:23.280Z","","CONTINENT_DERIVED_FROM_COORDINATES"
5795567757,"857bce66-f762-11e1-a439-00145eb45e9a","https://www.zobodat.at/belege.php?id=103775222","Plantae","Tracheophyta","Pinopsida","Pinales","Pinaceae","Pinus","Pinus cembra",NA,"SPECIES","Pinus cembra L.","Pinus cembra L.","L.","AT","Biotopkartierung Oberösterreich, BID: 200815407120095, PROJNR: 200815, Fläche: 225919 m2","","PRESENT",NA,"2d6e0e40-2aee-11d8-aa2d-b8a03c50a862",47.530803,13.69098,1000,NA,1626,351,NA,NA,"2011-07-27",27,7,2011,5285134,5285134,"HUMAN_OBSERVATION","LI","ZOBODAT","103775222","","Diewald Wolfgang, Schleier Veronika","","CC0_1_0","","",NA,"","2026-05-28T22:06:58.287Z","","COORDINATE_ROUNDED;CONTINENT_DERIVED_FROM_COORDINATES"
4134134783,"50c9509d-22c7-4a22-a47d-8c48425ef4a7","https://www.inaturalist.org/observations/166641985","Plantae","Tracheophyta","Pinopsida","Pinales","Pinaceae","Pinus","Pinus cembra",NA,"SPECIES","Pinus cembra L.","Pinus cembra","","AT","","Kärnten","PRESENT",NA,"28eb1a3f-1c15-4a95-931a-4af90ecb574d",46.962253,13.05427,11,NA,NA,NA,NA,NA,"2023-06-10T15:31:11",10,6,2023,5285134,5285134,"HUMAN_OBSERVATION","iNaturalist","Observations","166641985","","Konrad and Roland Greinwald","2023-06-10T18:41:26","CC_BY_NC_4_0","Konrad and Roland Greinwald","Konrad and Roland Greinwald",NA,"","2026-06-06T03:30:12.621Z","StillImage","COORDINATE_ROUNDED;CONTINENT_DERIVED_FROM_COORDINATES;TAXON_ID_NOT_FOUND"
3011671833,"c1492854-5d15-40e9-9ee7-24a18ac05112","3B9B6370-EA81-43E0-B2A9-BA3DED83B141","Plantae","Tracheophyta","Pinopsida","Pinales","Pinaceae","Pinus","Pinus cembra",NA,"SPECIES","Pinus cembra L.","Pinus cembra L.","L.","AT","Unken","","PRESENT",NA,"7a070ba0-bafb-11d9-8e53-b8a03c50a862",47.625,12.79168,6000,NA,NA,NA,NA,NA,"1983",NA,NA,1983,5285134,5285134,"HUMAN_OBSERVATION","HNS","Biodiversitätsdatenbank Salzburg","2012683","","","","CC_BY_NC_4_0","","ContactID: 2786",NA,"","2026-05-22T05:01:56.072Z","","CONTINENT_DERIVED_FROM_COORDINATES"
3011406484,"c1492854-5d15-40e9-9ee7-24a18ac05112","F0F9EF6B-2809-4884-869A-3DB2E3449A83","Plantae","Tracheophyta","Pinopsida","Pinales","Pinaceae","Pinus","Pinus cembra",NA,"SPECIES","Pinus cembra L.","Pinus cembra L.","L.","AT","Tweng","","PRESENT",NA,"7a070ba0-bafb-11d9-8e53-b8a03c50a862",47.175,13.62502,6000,NA,NA,NA,NA,NA,"1997",NA,NA,1997,5285134,5285134,"HUMAN_OBSERVATION","HNS","Biodiversitätsdatenbank Salzburg","2132075","","","","CC_BY_NC_4_0","","ContactID: 2786",NA,"","2026-05-22T05:02:30.784Z","","CONTINENT_DERIVED_FROM_COORDINATES"
4423230022,"c1492854-5d15-40e9-9ee7-24a18ac05112","FC3E51E2-E283-4777-9670-BF71408B23BD","Plantae","Tracheophyta","Pinopsida","Pinales","Pinaceae","Pinus","Pinus cembra",NA,"SPECIES","Pinus cembra L.","Pinus cembra L.","L.","AT","Badgastein","","PRESENT",NA,"7a070ba0-bafb-11d9-8e53-b8a03c50a862",47.10606,13.16515,11,NA,1967,NA,NA,NA,"2022-08-04",4,8,2022,5285134,5285134,"HUMAN_OBSERVATION","HNS","Biodiversitätsdatenbank Salzburg","2974102","","","","CC_BY_NC_4_0","","ContactID: 2786",NA,"","2026-05-22T05:02:05.788Z","","CONTINENT_DERIVED_FROM_COORDINATES"
5840786540,"8a863029-f435-446a-821e-275f4f641165","https://observation.org/observation/376004474","Plantae","Tracheophyta","Pinopsida","Pinales","Pinaceae","Pinus","Pinus cembra",NA,"SPECIES","Pinus cembra L.","Pinus cembra","","AT","Tamsweg (Marktgemeinde)","Salzburg","PRESENT",1,"c8d737e0-2ff8-42e8-b8fc-6b805d26fc5f",47.196155,13.876406,63,NA,NA,NA,NA,NA,"2025-10-12",12,10,2025,5285134,5285134,"HUMAN_OBSERVATION","","","","","","","CC_BY_NC_4_0","Stichting Observation International","User 166207",NA,"","2026-06-02T18:32:04.835Z","",""
5110257637,"7a3679ef-5582-4aaa-81f0-8c2545cafc81","o-1022825796","Plantae","Tracheophyta","Pinopsida","Pinales","Pinaceae","Pinus","Pinus cembra",NA,"SPECIES","Pinus cembra L.","Pinus cembra L.","L.","AT","","","PRESENT",1,"da86174a-a605-43a4-a5e8-53d484152cd3",47.131052,10.936565,4,NA,1172,0,NA,NA,"2024-06-06T08:21:53Z",6,6,2024,5285134,5285134,"HUMAN_OBSERVATION","","","","","","","CC_BY_4_0","","",NA,"","2026-04-24T02:18:35.256Z","StillImage","COORDINATE_ROUNDED;COUNTRY_DERIVED_FROM_COORDINATES;CONTINENT_DERIVED_FROM_COORDINATES"
3012063136,"c1492854-5d15-40e9-9ee7-24a18ac05112","B0605F4A-EBF4-44E0-A625-78423A4167EB","Plantae","Tracheophyta","Pinopsida","Pinales","Pinaceae","Pinus","Pinus cembra",NA,"SPECIES","Pinus cembra L.","Pinus cembra L.","L.","AT","Tamsweg","","PRESENT",NA,"7a070ba0-bafb-11d9-8e53-b8a03c50a862",47.175,13.87502,6000,NA,NA,NA,NA,NA,"1983",NA,NA,1983,5285134,5285134,"HUMAN_OBSERVATION","HNS","Biodiversitätsdatenbank Salzburg","2139280","","","","CC_BY_NC_4_0","","ContactID: 2786",NA,"","2026-05-22T05:02:21.561Z","","CONTINENT_DERIVED_FROM_COORDINATES"
4990664624,"7b9ee3cf-c98e-43a3-93b0-1672151e43eb","present","Plantae","Tracheophyta","Pinopsida","Pinales","Pinaceae","Pinus","Pinus cembra",NA,"SPECIES","Pinus cembra L.","Pinus cembra L.","","AT","Gesaeuse national park","","PRESENT",NA,"0752a2b0-b635-4fb1-ae5d-50563d60f46e",47.55,14.71,1100,NA,1720,NA,NA,NA,"2015-08-30",30,8,2015,5285134,5285134,"HUMAN_OBSERVATION","1","Biodiversitätsdatenbank Nationalpark Gesäuse","158429","","Kreiner Daniel","","CC_BY_4_0","","Kreiner Daniel",NA,"","2026-04-24T07:02:27.123Z","","CONTINENT_DERIVED_FROM_COORDINATES;OCCURRENCE_STATUS_UNPARSABLE"
4423079324,"c7730a08-74b4-48cd-80a7-831a19ac660d","AFB9BDA6-A73B-429D-BCEC-C249767A275F","Plantae","Tracheophyta","Pinopsida","Pinales","Pinaceae","Pinus","Pinus cembra",NA,"SPECIES","Pinus cembra L.","Pinus cembra L.","L.","AT","Malta","","PRESENT",NA,"7a070ba0-bafb-11d9-8e53-b8a03c50a862",47.07855,13.34547,5,NA,1935,NA,NA,NA,"2022-07-29",29,7,2022,5285134,5285134,"HUMAN_OBSERVATION","HNS","Biodiversitätsdatenbank Nationalpark Hohe Tauern","2822398","","","","CC_BY_NC_4_0","","ContactID: 3682",NA,"","2026-05-28T13:08:18.565Z","","CONTINENT_DERIVED_FROM_COORDINATES"
3873991424,"50c9509d-22c7-4a22-a47d-8c48425ef4a7","https://www.inaturalist.org/observations/125409561","Plantae","Tracheophyta","Pinopsida","Pinales","Pinaceae","Pinus","Pinus cembra",NA,"SPECIES","Pinus cembra L.","Pinus cembra","","AT","","Steiermark","PRESENT",NA,"28eb1a3f-1c15-4a95-931a-4af90ecb574d",47.07579,14.044856,NA,NA,NA,NA,NA,NA,"2022-06-16T17:07:52",16,6,2022,5285134,5285134,"HUMAN_OBSERVATION","iNaturalist","Observations","125409561","","Daniel Linzbauer","2022-07-09T06:42:15","CC_BY_4_0","Daniel Linzbauer","Daniel Linzbauer",NA,"","2026-06-06T04:01:44.769Z","StillImage","COORDINATE_ROUNDED;CONTINENT_DERIVED_FROM_COORDINATES;TAXON_ID_NOT_FOUND"
4980347515,"50c9509d-22c7-4a22-a47d-8c48425ef4a7","https://www.inaturalist.org/observations/249359180","Plantae","Tracheophyta","Pinopsida","Pinales","Pinaceae","Pinus","Pinus cembra",NA,"SPECIES","Pinus cembra L.","Pinus cembra","","AT","","Kärnten","PRESENT",NA,"28eb1a3f-1c15-4a95-931a-4af90ecb574d",46.888628,13.804384,108,NA,NA,NA,NA,NA,"2024-10-27T14:31",27,10,2024,5285134,5285134,"HUMAN_OBSERVATION","iNaturalist","Observations","249359180","","Petzenbär","2024-10-27T17:43:20","CC_BY_NC_4_0","Petzenbär","Petzenbär",NA,"","2026-06-06T03:32:29.784Z","StillImage","COORDINATE_ROUNDED;CONTINENT_DERIVED_FROM_COORDINATES;TAXON_ID_NOT_FOUND"
5826987546,"c1492854-5d15-40e9-9ee7-24a18ac05112","448F8AB7-7D6E-436E-9B1B-ECB1EBAA6CA1","Plantae","Tracheophyta","Pinopsida","Pinales","Pinaceae","Pinus","Pinus cembra",NA,"SPECIES","Pinus cembra L.","Pinus cembra L.","L.","AT","Reichenau","","PRESENT",NA,"7a070ba0-bafb-11d9-8e53-b8a03c50a862",46.889412,13.804132,20,NA,1893,NA,NA,NA,"2023-08-20",20,8,2023,5285134,5285134,"HUMAN_OBSERVATION","HNS","Biodiversitätsdatenbank Salzburg","3501523","","","","CC_BY_NC_4_0","","ContactID: 2786",NA,"","2026-05-22T05:02:23.554Z","","CONTINENT_DERIVED_FROM_COORDINATES"
3009336393,"c7730a08-74b4-48cd-80a7-831a19ac660d","7F37AC86-0778-47B0-8922-70B77541C5EF","Plantae","Tracheophyta","Pinopsida","Pinales","Pinaceae","Pinus","Pinus cembra",NA,"SPECIES","Pinus cembra L.","Pinus cembra L.","L.","AT","Kals am Großglockner","","PRESENT",NA,"7a070ba0-bafb-11d9-8e53-b8a03c50a862",47.032131,12.644978,500,NA,1600,NA,NA,NA,"2011-07-09",9,7,2011,5285134,5285134,"HUMAN_OBSERVATION","HNS","Biodiversitätsdatenbank Nationalpark Hohe Tauern","674268","","","","CC_BY_NC_4_0","","ContactID: 3579",NA,"","2026-05-28T13:07:37.381Z","","CONTINENT_DERIVED_FROM_COORDINATES"
5018278987,"6ac3f774-d9fb-4796-b3e9-92bf6c81c084","","Plantae","Tracheophyta","Pinopsida","Pinales","Pinaceae","Pinus","Pinus cembra",NA,"SPECIES","Pinus cembra L.","Pinus cembra","","AT","Obergurgler Zirbenwald","","PRESENT",NA,"bb646dff-a905-4403-a49b-6d378c2cf0d9",46.861248,11.018772,250,NA,NA,NA,NA,NA,"2010-03-10T00:00",10,3,2010,5285134,5285134,"HUMAN_OBSERVATION","NABU|naturgucker","NABU|naturgucker","-1443500015","","","","CC_BY_4_0","","657193321",NA,"","2026-06-04T11:57:14.178Z","StillImage","COORDINATE_ROUNDED;GEODETIC_DATUM_ASSUMED_WGS84;CONTINENT_DERIVED_FROM_COORDINATES"
6248145720,"c1492854-5d15-40e9-9ee7-24a18ac05112","BF43CAB1-CC0C-4503-B248-C13B91D81453","Plantae","Tracheophyta","Pinopsida","Pinales","Pinaceae","Pinus","Pinus cembra",NA,"SPECIES","Pinus cembra L.","Pinus cembra L.","L.","AT","Patsch","","PRESENT",NA,"7a070ba0-bafb-11d9-8e53-b8a03c50a862",47.212324,11.460807,16,NA,2030,NA,NA,NA,"2025-06-12",12,6,2025,5285134,5285134,"HUMAN_OBSERVATION","HNS","Biodiversitätsdatenbank Salzburg","3989496","","","","CC_BY_NC_4_0","","ContactID: 2786",NA,"","2026-05-22T05:02:27.088Z","","CONTINENT_DERIVED_FROM_COORDINATES"
4986482107,"8a863029-f435-446a-821e-275f4f641165","https://observation.org/observation/326969408","Plantae","Tracheophyta","Pinopsida","Pinales","Pinaceae","Pinus","Pinus cembra",NA,"SPECIES","Pinus cembra L.","Pinus cembra","","AT","Gröbming","Steiermark","PRESENT",1,"c8d737e0-2ff8-42e8-b8fc-6b805d26fc5f",47.490032,13.87444,4,NA,NA,NA,NA,NA,"2024-08-30",30,8,2024,5285134,5285134,"HUMAN_OBSERVATION","","","","","","","CC_BY_NC_4_0","Stichting Observation International","User 166663",NA,"","2026-06-02T18:34:52.759Z","StillImage",""
3698302766,"50c9509d-22c7-4a22-a47d-8c48425ef4a7","https://www.inaturalist.org/observations/107387290","Plantae","Tracheophyta","Pinopsida","Pinales","Pinaceae","Pinus","Pinus cembra",NA,"SPECIES","Pinus cembra L.","Pinus cembra","","AT","","Tirol","PRESENT",NA,"28eb1a3f-1c15-4a95-931a-4af90ecb574d",46.945431,10.147372,223,NA,NA,NA,NA,NA,"2022-02-24T15:24:26",24,2,2022,5285134,5285134,"HUMAN_OBSERVATION","iNaturalist","Observations","107387290","","Karsten Mody","2022-02-24T20:18:36","CC_BY_NC_4_0","Karsten Mody","Karsten Mody",NA,"","2026-06-06T03:28:43.921Z","StillImage","COORDINATE_ROUNDED;CONTINENT_DERIVED_FROM_COORDINATES;TAXON_ID_NOT_FOUND"
5230267382,"50c9509d-22c7-4a22-a47d-8c48425ef4a7","https://www.inaturalist.org/observations/137529918","Plantae","Tracheophyta","Pinopsida","Pinales","Pinaceae","Pinus","Pinus cembra",NA,"SPECIES","Pinus cembra L.","Pinus cembra","","AT","","Salzburg","PRESENT",NA,"28eb1a3f-1c15-4a95-931a-4af90ecb574d",47.238889,13.603611,NA,NA,NA,NA,NA,NA,"2022-10-03T15:56:03",3,10,2022,5285134,5285134,"HUMAN_OBSERVATION","iNaturalist","Observations","137529918","","Robert Kampf","2022-10-04T15:04:56","CC_BY_4_0","Robert Kampf","Robert Kampf",NA,"","2026-06-06T04:08:13.569Z","StillImage","COORDINATE_ROUNDED;CONTINENT_DERIVED_FROM_COORDINATES;TAXON_ID_NOT_FOUND"
5827046509,"c1492854-5d15-40e9-9ee7-24a18ac05112","FB07C25E-320B-4E25-8088-7E7F6671FDD4","Plantae","Tracheophyta","Pinopsida","Pinales","Pinaceae","Pinus","Pinus cembra",NA,"SPECIES","Pinus cembra L.","Pinus cembra L.","L.","AT","Oberperfuss","","PRESENT",NA,"7a070ba0-bafb-11d9-8e53-b8a03c50a862",47.24059,11.197864,9,NA,1618,NA,NA,NA,"2025-05-10",10,5,2025,5285134,5285134,"HUMAN_OBSERVATION","HNS","Biodiversitätsdatenbank Salzburg","3814709","","","","CC_BY_NC_4_0","","ContactID: 2786",NA,"","2026-05-22T05:02:32.751Z","","CONTINENT_DERIVED_FROM_COORDINATES"
6183080848,"8a863029-f435-446a-821e-275f4f641165","https://observation.org/observation/362099220","Plantae","Tracheophyta","Pinopsida","Pinales","Pinaceae","Pinus","Pinus cembra",NA,"SPECIES","Pinus cembra L.","Pinus cembra","","AT","Stadl-Predlitz","Steiermark","PRESENT",1,"c8d737e0-2ff8-42e8-b8fc-6b805d26fc5f",47.108715,13.908314,3,NA,NA,NA,NA,NA,"2025-07-10",10,7,2025,5285134,5285134,"HUMAN_OBSERVATION","","","","","","","CC_BY_NC_4_0","Stichting Observation International","User 1125448",NA,"","2026-06-02T18:40:17.069Z","",""
3010677477,"c1492854-5d15-40e9-9ee7-24a18ac05112","0FDEAC82-8196-4965-8247-BC9E46D827B9","Plantae","Tracheophyta","Pinopsida","Pinales","Pinaceae","Pinus","Pinus cembra",NA,"SPECIES","Pinus cembra L.","Pinus cembra L.","L.","AT","Badgastein","","PRESENT",NA,"7a070ba0-bafb-11d9-8e53-b8a03c50a862",47.075,13.20835,6000,NA,NA,NA,NA,NA,"1984",NA,NA,1984,5285134,5285134,"HUMAN_OBSERVATION","HNS","Biodiversitätsdatenbank Salzburg","2147832","","","","CC_BY_NC_4_0","","ContactID: 2786",NA,"","2026-05-22T05:02:12.736Z","","CONTINENT_DERIVED_FROM_COORDINATES"
3011134849,"c1492854-5d15-40e9-9ee7-24a18ac05112","9A0B3D6D-6A29-4A6F-8E6F-FA029DC11C35","Plantae","Tracheophyta","Pinopsida","Pinales","Pinaceae","Pinus","Pinus cembra",NA,"SPECIES","Pinus cembra L.","Pinus cembra L.","L.","AT","Badgastein","","PRESENT",NA,"7a070ba0-bafb-11d9-8e53-b8a03c50a862",47.125,13.20835,6000,NA,NA,NA,NA,NA,"1982",NA,NA,1982,5285134,5285134,"HUMAN_OBSERVATION","HNS","Biodiversitätsdatenbank Salzburg","2121520","","","","CC_BY_NC_4_0","","ContactID: 2786",NA,"","2026-05-22T05:01:48.161Z","","CONTINENT_DERIVED_FROM_COORDINATES"
3944431102,"c7730a08-74b4-48cd-80a7-831a19ac660d","DC545727-F031-488A-82BF-B4A5C8BA9C22","Plantae","Tracheophyta","Pinopsida","Pinales","Pinaceae","Pinus","Pinus cembra",NA,"SPECIES","Pinus cembra L.","Pinus cembra L.","L.","AT","Matrei in Osttirol","","PRESENT",NA,"7a070ba0-bafb-11d9-8e53-b8a03c50a862",47.127116,12.429034,100,NA,1947,NA,NA,NA,"2020-09-03",3,9,2020,5285134,5285134,"HUMAN_OBSERVATION","HNS","Biodiversitätsdatenbank Nationalpark Hohe Tauern","2764548","","","","CC_BY_NC_4_0","","ContactID: 5181",NA,"","2026-05-28T13:08:04.274Z","","CONTINENT_DERIVED_FROM_COORDINATES"
5204844635,"8a863029-f435-446a-821e-275f4f641165","https://observation.org/observation/358778063","Plantae","Tracheophyta","Pinopsida","Pinales","Pinaceae","Pinus","Pinus cembra",NA,"SPECIES","Pinus cembra L.","Pinus cembra","","AT","Nenzing","Vorarlberg","PRESENT",1,"c8d737e0-2ff8-42e8-b8fc-6b805d26fc5f",47.076106,9.651714,NA,NA,NA,NA,NA,NA,"2025-06-24",24,6,2025,5285134,5285134,"HUMAN_OBSERVATION","","","","","","","CC_BY_NC_4_0","Stichting Observation International","User 1000329",NA,"","2026-06-02T18:45:10.170Z","StillImage",""
5216269861,"50c9509d-22c7-4a22-a47d-8c48425ef4a7","https://www.inaturalist.org/observations/291728680","Plantae","Tracheophyta","Pinopsida","Pinales","Pinaceae","Pinus","Pinus cembra",NA,"SPECIES","Pinus cembra L.","Pinus cembra","","AT","","Steiermark","PRESENT",NA,"28eb1a3f-1c15-4a95-931a-4af90ecb574d",47.092309,14.569059,582,NA,NA,NA,NA,NA,"2025-06-19T13:54",19,6,2025,5285134,5285134,"HUMAN_OBSERVATION","iNaturalist","Observations","291728680","","Petzenbär","2025-06-22T10:00:39","CC_BY_NC_4_0","Petzenbär","Petzenbär",NA,"","2026-06-06T03:33:40.448Z","StillImage","COORDINATE_ROUNDED;CONTINENT_DERIVED_FROM_COORDINATES;TAXON_ID_NOT_FOUND"
5826986949,"c1492854-5d15-40e9-9ee7-24a18ac05112","F559AF71-16D0-41C4-9223-B23E0DDE8242","Plantae","Tracheophyta","Pinopsida","Pinales","Pinaceae","Pinus","Pinus cembra",NA,"SPECIES","Pinus cembra L.","Pinus cembra L.","L.","AT","Sölden","","PRESENT",NA,"7a070ba0-bafb-11d9-8e53-b8a03c50a862",46.862174,11.016223,433,NA,NA,NA,NA,NA,"2024-09-01",1,9,2024,5285134,5285134,"HUMAN_OBSERVATION","HNS","Biodiversitätsdatenbank Salzburg","3622418","","","","CC_BY_NC_4_0","","ContactID: 2786",NA,"","2026-05-22T05:02:29.032Z","","CONTINENT_DERIVED_FROM_COORDINATES"
3384371892,"50c9509d-22c7-4a22-a47d-8c48425ef4a7","https://www.inaturalist.org/observations/88230043","Plantae","Tracheophyta","Pinopsida","Pinales","Pinaceae","Pinus","Pinus cembra",NA,"SPECIES","Pinus cembra L.","Pinus cembra","","AT","","Tirol","PRESENT",NA,"28eb1a3f-1c15-4a95-931a-4af90ecb574d",47.220933,11.523003,32,NA,NA,NA,NA,NA,"2021-07-22T10:22:42",22,7,2021,5285134,5285134,"HUMAN_OBSERVATION","iNaturalist","Observations","88230043","","Martin W","2021-07-23T08:09:44","CC_BY_NC_4_0","Martin W","Martin W",NA,"","2026-06-06T03:28:24.439Z","StillImage","COORDINATE_ROUNDED;CONTINENT_DERIVED_FROM_COORDINATES;TAXON_ID_NOT_FOUND"
4423076547,"c7730a08-74b4-48cd-80a7-831a19ac660d","E77C9905-7654-4F39-926D-F3823C9835E1","Plantae","Tracheophyta","Pinopsida","Pinales","Pinaceae","Pinus","Pinus cembra",NA,"SPECIES","Pinus cembra L.","Pinus cembra L.","L.","AT","Muhr","","PRESENT",NA,"7a070ba0-bafb-11d9-8e53-b8a03c50a862",47.14871,13.37939,8,NA,1764,NA,NA,NA,"2021-07-17",17,7,2021,5285134,5285134,"HUMAN_OBSERVATION","HNS","Biodiversitätsdatenbank Nationalpark Hohe Tauern","2594901","","","","CC_BY_NC_4_0","","ContactID: 3682",NA,"","2026-05-28T13:08:17.946Z","","CONTINENT_DERIVED_FROM_COORDINATES"
4985488643,"8a863029-f435-446a-821e-275f4f641165","https://observation.org/observation/333543536","Plantae","Tracheophyta","Pinopsida","Pinales","Pinaceae","Pinus","Pinus cembra",NA,"SPECIES","Pinus cembra L.","Pinus cembra","","AT","Tamsweg (Marktgemeinde)","Salzburg","PRESENT",1,"c8d737e0-2ff8-42e8-b8fc-6b805d26fc5f",47.171714,13.906944,62,NA,NA,NA,NA,NA,"2024-11-10",10,11,2024,5285134,5285134,"HUMAN_OBSERVATION","","","","","","","CC_BY_NC_4_0","Stichting Observation International","User 166207",NA,"","2026-06-02T18:35:53.405Z","StillImage",""
5840849371,"8a863029-f435-446a-821e-275f4f641165","https://observation.org/observation/374710076","Plantae","Tracheophyta","Pinopsida","Pinales","Pinaceae","Pinus","Pinus cembra",NA,"SPECIES","Pinus cembra L.","Pinus cembra","","AT","Golling an der Salzach","Salzburg","PRESENT",1,"c8d737e0-2ff8-42e8-b8fc-6b805d26fc5f",47.530497,13.109695,7,NA,NA,NA,NA,NA,"2025-10-01",1,10,2025,5285134,5285134,"HUMAN_OBSERVATION","","","","","","","CC_BY_NC_4_0","Stichting Observation International","User 166207",NA,"","2026-06-02T18:48:19.671Z","",""
5903264384,"8a863029-f435-446a-821e-275f4f641165","https://observation.org/observation/380850346","Plantae","Tracheophyta","Pinopsida","Pinales","Pinaceae","Pinus","Pinus cembra",NA,"SPECIES","Pinus cembra L.","Pinus cembra","","AT","Rauris","Salzburg","PRESENT",1,"c8d737e0-2ff8-42e8-b8fc-6b805d26fc5f",47.078978,13.008422,NA,NA,NA,NA,NA,NA,"2025-08-03",3,8,2025,5285134,5285134,"HUMAN_OBSERVATION","","","","","","","CC_BY_NC_4_0","Stichting Observation International","User 1177208",NA,"","2026-06-02T18:31:50.008Z","StillImage",""
5795987411,"857bce66-f762-11e1-a439-00145eb45e9a","https://www.zobodat.at/belege.php?id=104141103","Plantae","Tracheophyta","Pinopsida","Pinales","Pinaceae","Pinus","Pinus cembra",NA,"SPECIES","Pinus cembra L.","Pinus cembra L.","L.","AT","Biotopkartierung Oberösterreich, BID: 200202409180883, PROJNR: 200202, Fläche: 39145 m2","","PRESENT",NA,"2d6e0e40-2aee-11d8-aa2d-b8a03c50a862",47.650739,14.265674,1000,NA,1495,65,NA,NA,"2004-09-01",1,9,2004,5285134,5285134,"HUMAN_OBSERVATION","LI","ZOBODAT","104141103","","Diewald Wolfgang","","CC0_1_0","","",NA,"","2026-05-28T22:06:22.930Z","","COORDINATE_ROUNDED;CONTINENT_DERIVED_FROM_COORDINATES"
3719362168,"8a863029-f435-446a-821e-275f4f641165","https://observation.org/observation/209249835","Plantae","Tracheophyta","Pinopsida","Pinales","Pinaceae","Pinus","Pinus cembra",NA,"SPECIES","Pinus cembra L.","Pinus cembra","","AT","Tweng","Salzburg","PRESENT",1,"c8d737e0-2ff8-42e8-b8fc-6b805d26fc5f",47.247524,13.571873,10,NA,NA,NA,NA,NA,"2021-03-24",24,3,2021,5285134,5285134,"HUMAN_OBSERVATION","","","","","","","CC_BY_NC_4_0","Stichting Observation International","User 166207",NA,"","2026-06-02T18:33:18.197Z","",""
5795698572,"857bce66-f762-11e1-a439-00145eb45e9a","https://www.zobodat.at/belege.php?id=102636536","Plantae","Tracheophyta","Pinopsida","Pinales","Pinaceae","Pinus","Pinus cembra",NA,"SPECIES","Pinus cembra L.","Pinus cembra L.","L.","AT","Biotopkartierung Oberösterreich, BID: 200202409180878, PROJNR: 200202, Fläche: 17679 m2","","PRESENT",NA,"2d6e0e40-2aee-11d8-aa2d-b8a03c50a862",47.615167,14.256723,1000,NA,1655,95,NA,NA,"2004-08-24",24,8,2004,5285134,5285134,"HUMAN_OBSERVATION","LI","ZOBODAT","102636536","","Diewald Wolfgang","","CC0_1_0","","",NA,"","2026-05-28T22:06:56.959Z","","COORDINATE_ROUNDED;CONTINENT_DERIVED_FROM_COORDINATES"
5760863514,"50c9509d-22c7-4a22-a47d-8c48425ef4a7","https://www.inaturalist.org/observations/306008237","Plantae","Tracheophyta","Pinopsida","Pinales","Pinaceae","Pinus","Pinus cembra",NA,"SPECIES","Pinus cembra L.","Pinus cembra","","AT","","Steiermark","PRESENT",NA,"28eb1a3f-1c15-4a95-931a-4af90ecb574d",47.094832,14.572371,6,NA,NA,NA,NA,NA,"2025-08-13T15:17:09",13,8,2025,5285134,5285134,"HUMAN_OBSERVATION","iNaturalist","Observations","306008237","","Alexander Wieser","2025-08-13T14:33:48","CC0_1_0","Alexander Wieser","Alexander Wieser",NA,"","2026-06-06T04:07:29.377Z","StillImage","COORDINATE_ROUNDED;CONTINENT_DERIVED_FROM_COORDINATES;TAXON_ID_NOT_FOUND"
3881723054,"50c9509d-22c7-4a22-a47d-8c48425ef4a7","https://www.inaturalist.org/observations/128470297","Plantae","Tracheophyta","Pinopsida","Pinales","Pinaceae","Pinus","Pinus cembra",NA,"SPECIES","Pinus cembra L.","Pinus cembra","","AT","","Kärnten","PRESENT",NA,"28eb1a3f-1c15-4a95-931a-4af90ecb574d",46.914444,13.875,1481,NA,NA,NA,NA,NA,"2022-07-26T11:13",26,7,2022,5285134,5285134,"HUMAN_OBSERVATION","iNaturalist","Observations","128470297","","Petzenbär","2022-07-29T16:36:06","CC_BY_NC_4_0","Petzenbär","Petzenbär",NA,"","2026-06-06T03:54:25.945Z","StillImage","CONTINENT_DERIVED_FROM_COORDINATES;TAXON_ID_NOT_FOUND"
5901259791,"8a863029-f435-446a-821e-275f4f641165","https://observation.org/observation/371432976","Plantae","Tracheophyta","Pinopsida","Pinales","Pinaceae","Pinus","Pinus cembra",NA,"SPECIES","Pinus cembra L.","Pinus cembra","","AT","Krimml","Salzburg","PRESENT",1,"c8d737e0-2ff8-42e8-b8fc-6b805d26fc5f",47.193631,12.173442,6,NA,NA,NA,NA,NA,"2025-09-02",2,9,2025,5285134,5285134,"HUMAN_OBSERVATION","","","","","","","CC_BY_NC_4_0","Stichting Observation International","User 811838",NA,"","2026-06-02T18:35:24.880Z","",""
3944537002,"c1492854-5d15-40e9-9ee7-24a18ac05112","91B29048-D928-4B76-AABB-E98AEAA054C4","Plantae","Tracheophyta","Pinopsida","Pinales","Pinaceae","Pinus","Pinus cembra",NA,"SPECIES","Pinus cembra L.","Pinus cembra L.","L.","AT","Untertauern","","PRESENT",NA,"7a070ba0-bafb-11d9-8e53-b8a03c50a862",47.28334,13.52195,3,NA,1597,NA,NA,NA,"2021-09-04",4,9,2021,5285134,5285134,"HUMAN_OBSERVATION","HNS","Biodiversitätsdatenbank Salzburg","2677601","","","","CC_BY_NC_4_0","","ContactID: 3337",NA,"","2026-05-22T05:01:58.817Z","","CONTINENT_DERIVED_FROM_COORDINATES"
4986452810,"8a863029-f435-446a-821e-275f4f641165","https://observation.org/observation/320941655","Plantae","Tracheophyta","Pinopsida","Pinales","Pinaceae","Pinus","Pinus cembra",NA,"SPECIES","Pinus cembra L.","Pinus cembra","","AT","Reichenau (Gemeinde)","Kärnten","PRESENT",1,"c8d737e0-2ff8-42e8-b8fc-6b805d26fc5f",46.916878,13.864259,1,NA,NA,NA,NA,NA,"2024-07-24",24,7,2024,5285134,5285134,"HUMAN_OBSERVATION","","","","","","","CC_BY_NC_4_0","Stichting Observation International","User 927175",NA,"","2026-06-02T18:34:49.995Z","StillImage",""
4400260066,"50c9509d-22c7-4a22-a47d-8c48425ef4a7","https://www.inaturalist.org/observations/179354686","Plantae","Tracheophyta","Pinopsida","Pinales","Pinaceae","Pinus","Pinus cembra",NA,"SPECIES","Pinus cembra L.","Pinus cembra","","AT","","Salzburg","PRESENT",NA,"28eb1a3f-1c15-4a95-931a-4af90ecb574d",47.113854,12.858469,31,NA,NA,NA,NA,NA,"2021-05-20T19:09",20,5,2021,5285134,5285134,"HUMAN_OBSERVATION","iNaturalist","Observations","179354686","","Kurt Nadler","2023-08-20T15:19:17","CC_BY_NC_4_0","Kurt Nadler","Kurt Nadler",NA,"","2026-06-06T03:30:30.548Z","StillImage","COORDINATE_ROUNDED;CONTINENT_DERIVED_FROM_COORDINATES;TAXON_ID_NOT_FOUND"
3011900821,"c1492854-5d15-40e9-9ee7-24a18ac05112","84626CC5-714C-47FA-800B-B4011DA38A95","Plantae","Tracheophyta","Pinopsida","Pinales","Pinaceae","Pinus","Pinus cembra",NA,"SPECIES","Pinus cembra L.","Pinus cembra L.","L.","AT","Rohrmoos-Untertal","","PRESENT",NA,"7a070ba0-bafb-11d9-8e53-b8a03c50a862",47.375,13.62502,6000,NA,NA,NA,NA,NA,"1983",NA,NA,1983,5285134,5285134,"HUMAN_OBSERVATION","HNS","Biodiversitätsdatenbank Salzburg","2067113","","","","CC_BY_NC_4_0","","ContactID: 2786",NA,"","2026-05-22T05:02:18.656Z","","CONTINENT_DERIVED_FROM_COORDINATES"
3011473582,"c1492854-5d15-40e9-9ee7-24a18ac05112","00F29885-007C-4E74-B2B5-BFD09D469037","Plantae","Tracheophyta","Pinopsida","Pinales","Pinaceae","Pinus","Pinus cembra",NA,"SPECIES","Pinus cembra L.","Pinus cembra L.","L.","AT","Tamsweg","","PRESENT",NA,"7a070ba0-bafb-11d9-8e53-b8a03c50a862",47.125,13.95835,6000,NA,NA,NA,NA,NA,"1983",NA,NA,1983,5285134,5285134,"HUMAN_OBSERVATION","HNS","Biodiversitätsdatenbank Salzburg","2141234","","","","CC_BY_NC_4_0","","ContactID: 2786",NA,"","2026-05-22T05:01:54.564Z","","CONTINENT_DERIVED_FROM_COORDINATES"
6234379444,"50c9509d-22c7-4a22-a47d-8c48425ef4a7","https://www.inaturalist.org/observations/354574762","Plantae","Tracheophyta","Pinopsida","Pinales","Pinaceae","Pinus","Pinus cembra",NA,"SPECIES","Pinus cembra L.","Pinus cembra","","AT","","Tirol","PRESENT",NA,"28eb1a3f-1c15-4a95-931a-4af90ecb574d",47.208254,11.15056,9,NA,NA,NA,NA,NA,"2026-04-26T13:42:45",26,4,2026,5285134,5285134,"HUMAN_OBSERVATION","iNaturalist","Observations","354574762","","Jens Bokelaar","2026-04-26T17:41:19","CC_BY_4_0","Jens Bokelaar","Jens Bokelaar",NA,"","2026-06-06T04:08:38.945Z","StillImage","COORDINATE_ROUNDED;CONTINENT_DERIVED_FROM_COORDINATES;TAXON_ID_NOT_FOUND"
3903479567,"50c9509d-22c7-4a22-a47d-8c48425ef4a7","https://www.inaturalist.org/observations/133966504","Plantae","Tracheophyta","Pinopsida","Pinales","Pinaceae","Pinus","Pinus cembra",NA,"SPECIES","Pinus cembra L.","Pinus cembra","","AT","","Oberösterreich","PRESENT",NA,"28eb1a3f-1c15-4a95-931a-4af90ecb574d",47.529083,13.62866,NA,NA,NA,NA,NA,NA,"2022-08-26T11:35",26,8,2022,5285134,5285134,"HUMAN_OBSERVATION","iNaturalist","Observations","133966504","","Vladimír Fuka","2022-09-06T21:49:42","CC_BY_4_0","Vladimír Fuka","Vladimír Fuka",NA,"","2026-06-06T03:46:53.228Z","StillImage","COORDINATE_ROUNDED;CONTINENT_DERIVED_FROM_COORDINATES;TAXON_ID_NOT_FOUND"
3009216688,"c7730a08-74b4-48cd-80a7-831a19ac660d","0D108B2E-42DD-4174-8C3A-68026E5808B8","Plantae","Tracheophyta","Pinopsida","Pinales","Pinaceae","Pinus","Pinus cembra",NA,"SPECIES","Pinus cembra L.","Pinus cembra L.","L.","AT","Krimml","","PRESENT",NA,"7a070ba0-bafb-11d9-8e53-b8a03c50a862",47.154707,12.190144,111,NA,1600,NA,NA,NA,"2005-07-22",22,7,2005,5285134,5285134,"HUMAN_OBSERVATION","HNS","Biodiversitätsdatenbank Nationalpark Hohe Tauern","472477","","","","CC_BY_NC_4_0","","ContactID: 3579",NA,"","2026-05-28T13:06:58.029Z","","CONTINENT_DERIVED_FROM_COORDINATES"
5292582461,"50c9509d-22c7-4a22-a47d-8c48425ef4a7","https://www.inaturalist.org/observations/304300308","Plantae","Tracheophyta","Pinopsida","Pinales","Pinaceae","Pinus","Pinus cembra",NA,"SPECIES","Pinus cembra L.","Pinus cembra","","AT","","Kärnten","PRESENT",NA,"28eb1a3f-1c15-4a95-931a-4af90ecb574d",46.889958,13.801358,NA,NA,NA,NA,NA,NA,"2025-06-17T12:19:09",17,6,2025,5285134,5285134,"HUMAN_OBSERVATION","iNaturalist","Observations","304300308","","ungseb","2025-08-06T19:14:36","CC_BY_NC_4_0","ungseb","ungseb",NA,"","2026-06-06T03:34:40.252Z","StillImage","COORDINATE_ROUNDED;CONTINENT_DERIVED_FROM_COORDINATES;TAXON_ID_NOT_FOUND"
5827247563,"c1492854-5d15-40e9-9ee7-24a18ac05112","668DEEF5-2B50-4AA1-8457-5F01CB6EC66F","Plantae","Tracheophyta","Pinopsida","Pinales","Pinaceae","Pinus","Pinus cembra",NA,"SPECIES","Pinus cembra L.","Pinus cembra L.","L.","AT","Werfen","","PRESENT",NA,"7a070ba0-bafb-11d9-8e53-b8a03c50a862",47.508089,13.112072,16,NA,2002,NA,NA,NA,"2024-07-29",29,7,2024,5285134,5285134,"HUMAN_OBSERVATION","HNS","Biodiversitätsdatenbank Salzburg","3449590","","","","CC_BY_NC_4_0","","ContactID: 4480",NA,"","2026-05-22T05:02:43.345Z","","CONTINENT_DERIVED_FROM_COORDINATES"
6115446985,"857bce66-f762-11e1-a439-00145eb45e9a","https://www.zobodat.at/belege.php?id=104529207","Plantae","Tracheophyta","Pinopsida","Pinales","Pinaceae","Pinus","Pinus cembra",NA,"SPECIES","Pinus cembra L.","Pinus cembra L.","L.","AT","Ochsenwies-Alm (RELEVE_NR: 444772)","","PRESENT",NA,"2d6e0e40-2aee-11d8-aa2d-b8a03c50a862",47.517222,13.629167,200,NA,NA,NA,NA,NA,"1996",NA,NA,1996,5285134,5285134,"HUMAN_OBSERVATION","LI","ZOBODAT","104529207","","Roithinger Gottfried","","CC0_1_0","","",NA,"","2026-05-28T22:07:22.822Z","","COORDINATE_ROUNDED;CONTINENT_DERIVED_FROM_COORDINATES"
3009278103,"c7730a08-74b4-48cd-80a7-831a19ac660d","F2EC7509-E092-4E77-9013-1E178E66407F","Plantae","Tracheophyta","Pinopsida","Pinales","Pinaceae","Pinus","Pinus cembra",NA,"SPECIES","Pinus cembra L.","Pinus cembra L.","L.","AT","Krimml","","PRESENT",NA,"7a070ba0-bafb-11d9-8e53-b8a03c50a862",47.141821,12.189204,111,NA,1645,NA,NA,NA,"2005-07-22",22,7,2005,5285134,5285134,"HUMAN_OBSERVATION","HNS","Biodiversitätsdatenbank Nationalpark Hohe Tauern","472546","","","","CC_BY_NC_4_0","","ContactID: 3579",NA,"","2026-05-28T13:07:20.423Z","","CONTINENT_DERIVED_FROM_COORDINATES"
5760192754,"50c9509d-22c7-4a22-a47d-8c48425ef4a7","https://www.inaturalist.org/observations/302329826","Plantae","Tracheophyta","Pinopsida","Pinales","Pinaceae","Pinus","Pinus cembra",NA,"SPECIES","Pinus cembra L.","Pinus cembra","","AT","","Kärnten","PRESENT",NA,"28eb1a3f-1c15-4a95-931a-4af90ecb574d",46.859764,13.832529,4,NA,NA,NA,NA,NA,"2025-07-30T14:26",30,7,2025,5285134,5285134,"HUMAN_OBSERVATION","iNaturalist","Observations","302329826","","sochise","2025-07-30T12:26:12","CC_BY_NC_4_0","sochise","sochise",NA,"","2026-06-06T03:50:39.995Z","StillImage","COORDINATE_ROUNDED;CONTINENT_DERIVED_FROM_COORDINATES;TAXON_ID_NOT_FOUND"
4054881640,"50c9509d-22c7-4a22-a47d-8c48425ef4a7","https://www.inaturalist.org/observations/149969227","Plantae","Tracheophyta","Pinopsida","Pinales","Pinaceae","Pinus","Pinus cembra",NA,"SPECIES","Pinus cembra L.","Pinus cembra","","AT","","Vorarlberg","PRESENT",NA,"28eb1a3f-1c15-4a95-931a-4af90ecb574d",47.370297,10.09009,NA,NA,NA,NA,NA,NA,"2018-10-13T17:58",13,10,2018,5285134,5285134,"HUMAN_OBSERVATION","iNaturalist","Observations","149969227","","Herbert Stadelmann","2023-03-01T10:10:17","CC_BY_NC_4_0","Herbert Stadelmann","Herbert Stadelmann",NA,"","2026-06-06T03:29:49.619Z","StillImage","COORDINATE_ROUNDED;CONTINENT_DERIVED_FROM_COORDINATES;TAXON_ID_NOT_FOUND"
4920856372,"c1492854-5d15-40e9-9ee7-24a18ac05112","7FDB20F2-604C-4893-AD45-4D7A8AF3F007","Plantae","Tracheophyta","Pinopsida","Pinales","Pinaceae","Pinus","Pinus cembra",NA,"SPECIES","Pinus cembra L.","Pinus cembra L.","L.","AT","Nauders","","PRESENT",NA,"7a070ba0-bafb-11d9-8e53-b8a03c50a862",46.85991,10.54344,999,NA,NA,NA,NA,NA,"2023-08-02",2,8,2023,5285134,5285134,"HUMAN_OBSERVATION","HNS","Biodiversitätsdatenbank Salzburg","3278073","","","","CC_BY_NC_4_0","","ContactID: 2786",NA,"","2026-05-22T05:02:00.772Z","","CONTINENT_DERIVED_FROM_COORDINATES"
3466018788,"50c9509d-22c7-4a22-a47d-8c48425ef4a7","https://www.inaturalist.org/observations/94414118","Plantae","Tracheophyta","Pinopsida","Pinales","Pinaceae","Pinus","Pinus cembra",NA,"SPECIES","Pinus cembra L.","Pinus cembra","","AT","","Salzburg","PRESENT",NA,"28eb1a3f-1c15-4a95-931a-4af90ecb574d",47.252504,13.825088,19,NA,NA,NA,NA,NA,"2021-09-08T13:10",8,9,2021,5285134,5285134,"HUMAN_OBSERVATION","iNaturalist","Observations","94414118","","temporarily inactive user","2021-12-11T09:15:53","CC_BY_NC_4_0","temporarily inactive user","temporarily inactive user",NA,"","2026-06-06T03:38:09.580Z","StillImage","COORDINATE_ROUNDED;CONTINENT_DERIVED_FROM_COORDINATES;TAXON_ID_NOT_FOUND"
5288590153,"8a863029-f435-446a-821e-275f4f641165","https://observation.org/observation/368105416","Plantae","Tracheophyta","Pinopsida","Pinales","Pinaceae","Pinus","Pinus cembra",NA,"SPECIES","Pinus cembra L.","Pinus cembra","","AT","Golling an der Salzach","Salzburg","PRESENT",1,"c8d737e0-2ff8-42e8-b8fc-6b805d26fc5f",47.55623,13.133415,4,NA,NA,NA,NA,NA,"2025-08-11",11,8,2025,5285134,5285134,"HUMAN_OBSERVATION","","","","","","","CC_BY_NC_4_0","Stichting Observation International","User 166207",NA,"","2026-06-02T18:41:07.631Z","",""
5796705806,"857bce66-f762-11e1-a439-00145eb45e9a","https://www.zobodat.at/belege.php?id=104146142","Plantae","Tracheophyta","Pinopsida","Pinales","Pinaceae","Pinus","Pinus cembra",NA,"SPECIES","Pinus cembra L.","Pinus cembra L.","L.","AT","Biotopkartierung Oberösterreich, BID: 200202409180877, PROJNR: 200202, Fläche: 37890 m2","","PRESENT",NA,"2d6e0e40-2aee-11d8-aa2d-b8a03c50a862",47.614132,14.25718,1000,NA,1585,85,NA,NA,"2004-08-23",23,8,2004,5285134,5285134,"HUMAN_OBSERVATION","LI","ZOBODAT","104146142","","Diewald Wolfgang","","CC0_1_0","","",NA,"","2026-05-28T22:07:19.507Z","","COORDINATE_ROUNDED;CONTINENT_DERIVED_FROM_COORDINATES"
4990621530,"82746a3e-f762-11e1-a439-00145eb45e9a","SZU-GFP-12631","Plantae","Tracheophyta","Pinopsida","Pinales","Pinaceae","Pinus","Pinus cembra",NA,"SPECIES","Pinus cembra L.","Pinus cembra L.","","AT","Rottenmanner Tauern","","PRESENT",NA,"b0a2cd60-4059-11de-9f59-b8a03c50a862",47.425,14.4583,5000,NA,1750,NA,NA,NA,"1977-07-12",12,7,1977,5285134,5285134,"PRESERVED_SPECIMEN","SZU","SZUDB","25059","","Heinrich Wagner","","CC_BY_NC_4_0","","Heinrich Wagner",NA,"","2026-06-04T13:10:37.276Z","","CONTINENT_DERIVED_FROM_COORDINATES;INSTITUTION_MATCH_NONE"
3944458924,"c7730a08-74b4-48cd-80a7-831a19ac660d","50A5AFAF-FA2F-421B-ABAD-727EC7194A4F","Plantae","Tracheophyta","Pinopsida","Pinales","Pinaceae","Pinus","Pinus cembra",NA,"SPECIES","Pinus cembra L.","Pinus cembra L.","L.","AT","Matrei in Osttirol","","PRESENT",NA,"7a070ba0-bafb-11d9-8e53-b8a03c50a862",47.115307,12.455717,100,NA,2261,NA,NA,NA,"2020-07-31",31,7,2020,5285134,5285134,"HUMAN_OBSERVATION","HNS","Biodiversitätsdatenbank Nationalpark Hohe Tauern","2764510","","","","CC_BY_NC_4_0","","ContactID: 5181",NA,"","2026-05-28T13:08:10.591Z","","CONTINENT_DERIVED_FROM_COORDINATES"
5762222426,"8a863029-f435-446a-821e-275f4f641165","https://observation.org/observation/371947120","Plantae","Tracheophyta","Pinopsida","Pinales","Pinaceae","Pinus","Pinus cembra",NA,"SPECIES","Pinus cembra L.","Pinus cembra","","AT","Salzburg - Naturpark Riedingtal in Zederhaus","Salzburg","PRESENT",1,"c8d737e0-2ff8-42e8-b8fc-6b805d26fc5f",47.171927,13.353467,5,NA,NA,NA,NA,NA,"2025-09-07",7,9,2025,5285134,5285134,"HUMAN_OBSERVATION","","","","","","","CC_BY_NC_4_0","Stichting Observation International","User 586235",NA,"","2026-06-02T18:45:03.171Z","StillImage",""
4423247091,"c1492854-5d15-40e9-9ee7-24a18ac05112","1EEEFBF0-8169-4312-9DF2-DEE998D70A39","Plantae","Tracheophyta","Pinopsida","Pinales","Pinaceae","Pinus","Pinus cembra",NA,"SPECIES","Pinus cembra L.","Pinus cembra L.","L.","AT","Untertauern","","PRESENT",NA,"7a070ba0-bafb-11d9-8e53-b8a03c50a862",47.26885,13.54763,23,NA,2150,NA,NA,NA,"2022-09-04",4,9,2022,5285134,5285134,"HUMAN_OBSERVATION","HNS","Biodiversitätsdatenbank Salzburg","2933915","","","","CC_BY_NC_4_0","","ContactID: 3682",NA,"","2026-05-22T05:01:58.230Z","","CONTINENT_DERIVED_FROM_COORDINATES"
3011603522,"c1492854-5d15-40e9-9ee7-24a18ac05112","251C157A-876D-4EB4-93EF-157D35681BD3","Plantae","Tracheophyta","Pinopsida","Pinales","Pinaceae","Pinus","Pinus cembra",NA,"SPECIES","Pinus cembra L.","Pinus cembra L.","L.","AT","Mariapfarr","","PRESENT",NA,"7a070ba0-bafb-11d9-8e53-b8a03c50a862",47.21085,13.73096,12,NA,2262,NA,NA,NA,"2020-06-13",13,6,2020,5285134,5285134,"HUMAN_OBSERVATION","HNS","Biodiversitätsdatenbank Salzburg","2434304","","","","CC_BY_NC_4_0","","ContactID: 3682",NA,"","2026-05-22T05:02:16.568Z","","CONTINENT_DERIVED_FROM_COORDINATES"
5840598138,"8a863029-f435-446a-821e-275f4f641165","https://observation.org/observation/376004173","Plantae","Tracheophyta","Pinopsida","Pinales","Pinaceae","Pinus","Pinus cembra",NA,"SPECIES","Pinus cembra L.","Pinus cembra","","AT","Tamsweg (Marktgemeinde)","Salzburg","PRESENT",1,"c8d737e0-2ff8-42e8-b8fc-6b805d26fc5f",47.197496,13.882799,47,NA,NA,NA,NA,NA,"2025-10-12",12,10,2025,5285134,5285134,"HUMAN_OBSERVATION","","","","","","","CC_BY_NC_4_0","Stichting Observation International","User 166207",NA,"","2026-06-02T18:41:10.651Z","",""
5795546151,"857bce66-f762-11e1-a439-00145eb45e9a","https://www.zobodat.at/belege.php?id=104115813","Plantae","Tracheophyta","Pinopsida","Pinales","Pinaceae","Pinus","Pinus cembra",NA,"SPECIES","Pinus cembra L.","Pinus cembra L.","L.","AT","Biotopkartierung Oberösterreich, BID: 200814407090409, PROJNR: 200814, Fläche: 1290375 m2","","PRESENT",NA,"2d6e0e40-2aee-11d8-aa2d-b8a03c50a862",47.543443,13.632861,1000,NA,1216.5,625.5,NA,NA,"2009-09-22",22,9,2009,5285134,5285134,"HUMAN_OBSERVATION","LI","ZOBODAT","104115813","","Schleier Veronika, Diewald Wolfgang","","CC0_1_0","","",NA,"","2026-05-28T22:06:55.999Z","","COORDINATE_ROUNDED;CONTINENT_DERIVED_FROM_COORDINATES"
5796722561,"857bce66-f762-11e1-a439-00145eb45e9a","https://www.zobodat.at/belege.php?id=104043293","Plantae","Tracheophyta","Pinopsida","Pinales","Pinaceae","Pinus","Pinus cembra",NA,"SPECIES","Pinus cembra L.","Pinus cembra L.","L.","AT","Biotopkartierung Oberösterreich, BID: 200814407090023, PROJNR: 200814, Fläche: 169271 m2","","PRESENT",NA,"2d6e0e40-2aee-11d8-aa2d-b8a03c50a862",47.558611,13.622921,1000,NA,1157.5,207.5,NA,NA,"2009-06-18",18,6,2009,5285134,5285134,"HUMAN_OBSERVATION","LI","ZOBODAT","104043293","","Diewald Wolfgang, Schleier Veronika","","CC0_1_0","","",NA,"","2026-05-28T22:07:03.327Z","","COORDINATE_ROUNDED;CONTINENT_DERIVED_FROM_COORDINATES"
5796065933,"857bce66-f762-11e1-a439-00145eb45e9a","https://www.zobodat.at/belege.php?id=102846993","Plantae","Tracheophyta","Pinopsida","Pinales","Pinaceae","Pinus","Pinus cembra",NA,"SPECIES","Pinus cembra L.","Pinus cembra L.","L.","AT","Biotopkartierung Oberösterreich, BID: 200814407090061, PROJNR: 200814, Fläche: 248777 m2","","PRESENT",NA,"2d6e0e40-2aee-11d8-aa2d-b8a03c50a862",47.526826,13.605145,1000,NA,1855.5,161.5,NA,NA,"2009-08-05",5,8,2009,5285134,5285134,"HUMAN_OBSERVATION","LI","ZOBODAT","102846993","","Diewald Wolfgang, Schleier Veronika, Kaiser Roland","","CC0_1_0","","",NA,"","2026-05-28T22:07:30.347Z","","COORDINATE_ROUNDED;CONTINENT_DERIVED_FROM_COORDINATES"
5216646975,"50c9509d-22c7-4a22-a47d-8c48425ef4a7","https://www.inaturalist.org/observations/292459960","Plantae","Tracheophyta","Pinopsida","Pinales","Pinaceae","Pinus","Pinus cembra",NA,"SPECIES","Pinus cembra L.","Pinus cembra","","AT","","Tirol","PRESENT",NA,"28eb1a3f-1c15-4a95-931a-4af90ecb574d",47.034145,12.616386,4,NA,NA,NA,NA,NA,"2025-06-20T11:25",20,6,2025,5285134,5285134,"HUMAN_OBSERVATION","iNaturalist","Observations","292459960","","Wolfgang Bacher","2025-06-24T21:25:06","CC0_1_0","Wolfgang Bacher","Wolfgang Bacher",NA,"","2026-06-06T04:00:03.218Z","StillImage","COORDINATE_ROUNDED;CONTINENT_DERIVED_FROM_COORDINATES;TAXON_ID_NOT_FOUND"
4986642188,"8a863029-f435-446a-821e-275f4f641165","https://observation.org/observation/325912547","Plantae","Tracheophyta","Pinopsida","Pinales","Pinaceae","Pinus","Pinus cembra",NA,"SPECIES","Pinus cembra L.","Pinus cembra","","AT","Reichenau (Gemeinde)","Kärnten","PRESENT",1,"c8d737e0-2ff8-42e8-b8fc-6b805d26fc5f",46.887705,13.809572,3,NA,NA,NA,NA,NA,"2024-08-27",27,8,2024,5285134,5285134,"HUMAN_OBSERVATION","","","","","","","CC_BY_NC_4_0","Stichting Observation International","User 750794",NA,"","2026-06-02T18:44:24.230Z","StillImage",""
5827501524,"50c9509d-22c7-4a22-a47d-8c48425ef4a7","https://www.inaturalist.org/observations/311203955","Plantae","Tracheophyta","Pinopsida","Pinales","Pinaceae","Pinus","Pinus cembra",NA,"SPECIES","Pinus cembra L.","Pinus cembra","","AT","","Oberösterreich","PRESENT",NA,"28eb1a3f-1c15-4a95-931a-4af90ecb574d",47.645375,14.282426,NA,NA,NA,NA,NA,NA,"2025-09-03T10:14:55",3,9,2025,5285134,5285134,"HUMAN_OBSERVATION","iNaturalist","Observations","311203955","","juergenhold","2025-09-03T08:15:20","CC_BY_NC_4_0","juergenhold","juergenhold",NA,"","2026-06-06T03:34:13.144Z","StillImage","COORDINATE_ROUNDED;CONTINENT_DERIVED_FROM_COORDINATES;TAXON_ID_NOT_FOUND"
6248077570,"c1492854-5d15-40e9-9ee7-24a18ac05112","A09185E5-B05C-4E13-9F83-BB87E690BD86","Plantae","Tracheophyta","Pinopsida","Pinales","Pinaceae","Pinus","Pinus cembra",NA,"SPECIES","Pinus cembra L.","Pinus cembra L.","L.","AT","Fügenberg","","PRESENT",NA,"7a070ba0-bafb-11d9-8e53-b8a03c50a862",47.326828,11.785812,7,NA,1748,NA,NA,NA,"2019-08-27",27,8,2019,5285134,5285134,"HUMAN_OBSERVATION","HNS","Biodiversitätsdatenbank Salzburg","3951309","","","","CC_BY_NC_4_0","","ContactID: 2786",NA,"","2026-05-22T05:02:25.794Z","","CONTINENT_DERIVED_FROM_COORDINATES"
5901797767,"8a863029-f435-446a-821e-275f4f641165","https://observation.org/observation/369809922","Plantae","Tracheophyta","Pinopsida","Pinales","Pinaceae","Pinus","Pinus cembra",NA,"SPECIES","Pinus cembra L.","Pinus cembra","","AT","Jerzens (Gemeinde)","Tirol","PRESENT",1,"c8d737e0-2ff8-42e8-b8fc-6b805d26fc5f",47.153167,10.79368,4,NA,NA,NA,NA,NA,"2025-08-22",22,8,2025,5285134,5285134,"HUMAN_OBSERVATION","","","","","","","CC_BY_NC_4_0","Stichting Observation International","User 885944",NA,"","2026-06-02T18:48:24.936Z","StillImage",""
5795245546,"857bce66-f762-11e1-a439-00145eb45e9a","https://www.zobodat.at/belege.php?id=102757367","Plantae","Tracheophyta","Pinopsida","Pinales","Pinaceae","Pinus","Pinus cembra",NA,"SPECIES","Pinus cembra L.","Pinus cembra L.","L.","AT","Biotopkartierung Oberösterreich, BID: 200814407090049, PROJNR: 200814, Fläche: 12520 m2","","PRESENT",NA,"2d6e0e40-2aee-11d8-aa2d-b8a03c50a862",47.521934,13.627659,1000,NA,1739,52,NA,NA,"2009-07-17",17,7,2009,5285134,5285134,"HUMAN_OBSERVATION","LI","ZOBODAT","102757367","","Diewald Wolfgang","","CC0_1_0","","",NA,"","2026-05-28T22:07:10.832Z","","COORDINATE_ROUNDED;CONTINENT_DERIVED_FROM_COORDINATES"
3011296187,"c1492854-5d15-40e9-9ee7-24a18ac05112","CD35B572-09A0-4B2E-A8DD-9CD4BA775379","Plantae","Tracheophyta","Pinopsida","Pinales","Pinaceae","Pinus","Pinus cembra",NA,"SPECIES","Pinus cembra L.","Pinus cembra L.","L.","AT","Matrei in Osttirol","","PRESENT",NA,"7a070ba0-bafb-11d9-8e53-b8a03c50a862",47.12461,12.45691,100,NA,1685,NA,NA,NA,"2015-08-02",2,8,2015,5285134,5285134,"HUMAN_OBSERVATION","HNS","Biodiversitätsdatenbank Salzburg","1635731","","","","CC_BY_NC_4_0","","ContactID: 3682",NA,"","2026-05-22T05:02:16.969Z","","CONTINENT_DERIVED_FROM_COORDINATES"
4423125767,"c1492854-5d15-40e9-9ee7-24a18ac05112","52B7616B-F3FD-4A0A-BB27-D4CDD161AB5C","Plantae","Tracheophyta","Pinopsida","Pinales","Pinaceae","Pinus","Pinus cembra",NA,"SPECIES","Pinus cembra L.","Pinus cembra L.","L.","AT","Kaunerberg","","PRESENT",NA,"7a070ba0-bafb-11d9-8e53-b8a03c50a862",47.1023,10.70927,12,NA,1978,NA,NA,NA,"2022-07-13",13,7,2022,5285134,5285134,"HUMAN_OBSERVATION","HNS","Biodiversitätsdatenbank Salzburg","2974100","","","","CC_BY_NC_4_0","","ContactID: 2786",NA,"","2026-05-22T05:02:01.614Z","","CONTINENT_DERIVED_FROM_COORDINATES"
3011691095,"c1492854-5d15-40e9-9ee7-24a18ac05112","427A8FA5-26C3-45C2-8F0D-95BB05BBA42C","Plantae","Tracheophyta","Pinopsida","Pinales","Pinaceae","Pinus","Pinus cembra",NA,"SPECIES","Pinus cembra L.","Pinus cembra L.","L.","AT","Krems in Kärnten","","PRESENT",NA,"7a070ba0-bafb-11d9-8e53-b8a03c50a862",46.924302,13.805252,NA,NA,2010,NA,NA,NA,"2014-09-28",28,9,2014,5285134,5285134,"HUMAN_OBSERVATION","HNS","Biodiversitätsdatenbank Salzburg","1521896","","","","CC_BY_NC_4_0","","ContactID: 4698",NA,"","2026-05-22T05:01:52.271Z","","CONTINENT_DERIVED_FROM_COORDINATES"
3009310722,"c7730a08-74b4-48cd-80a7-831a19ac660d","2CB06396-B8CC-434F-ACEE-FDE96E6E1EFA","Plantae","Tracheophyta","Pinopsida","Pinales","Pinaceae","Pinus","Pinus cembra",NA,"SPECIES","Pinus cembra L.","Pinus cembra L.","L.","AT","Neukirchen/Großvenediger","","PRESENT",NA,"7a070ba0-bafb-11d9-8e53-b8a03c50a862",47.137522,12.264969,111,NA,1920,NA,NA,NA,"2006-09-09",9,9,2006,5285134,5285134,"HUMAN_OBSERVATION","HNS","Biodiversitätsdatenbank Nationalpark Hohe Tauern","472988","","","","CC_BY_NC_4_0","","ContactID: 3579",NA,"","2026-05-28T13:07:30.178Z","","CONTINENT_DERIVED_FROM_COORDINATES"
6248165610,"c1492854-5d15-40e9-9ee7-24a18ac05112","E79D9E97-FBE5-473F-A005-C9BE28DDB692","Plantae","Tracheophyta","Pinopsida","Pinales","Pinaceae","Pinus","Pinus cembra",NA,"SPECIES","Pinus cembra L.","Pinus cembra L.","L.","AT","Golling an der Salzach","","PRESENT",NA,"7a070ba0-bafb-11d9-8e53-b8a03c50a862",47.527059,13.105666,8,NA,1854,NA,NA,NA,"2025-10-01",1,10,2025,5285134,5285134,"HUMAN_OBSERVATION","HNS","Biodiversitätsdatenbank Salzburg","3923005","","","","CC_BY_NC_4_0","","ContactID: 3682",NA,"","2026-05-22T05:02:14.146Z","","CONTINENT_DERIVED_FROM_COORDINATES"
5216016916,"50c9509d-22c7-4a22-a47d-8c48425ef4a7","https://www.inaturalist.org/observations/292330307","Plantae","Tracheophyta","Pinopsida","Pinales","Pinaceae","Pinus","Pinus cembra",NA,"SPECIES","Pinus cembra L.","Pinus cembra","","AT","","Tirol","PRESENT",NA,"28eb1a3f-1c15-4a95-931a-4af90ecb574d",47.016218,12.368168,8,NA,NA,NA,NA,NA,"2025-06-24T13:58:30",24,6,2025,5285134,5285134,"HUMAN_OBSERVATION","iNaturalist","Observations","292330307","","Jonas Granitzer","2025-06-24T11:59:06","CC_BY_NC_4_0","Jonas Granitzer","Jonas Granitzer",NA,"","2026-06-06T03:43:45.465Z","StillImage","COORDINATE_ROUNDED;CONTINENT_DERIVED_FROM_COORDINATES;TAXON_ID_NOT_FOUND"
3009235701,"c7730a08-74b4-48cd-80a7-831a19ac660d","4ABE8910-326F-4AB7-BF13-739DAD24FD6C","Plantae","Tracheophyta","Pinopsida","Pinales","Pinaceae","Pinus","Pinus cembra",NA,"SPECIES","Pinus cembra L.","Pinus cembra L.","L.","AT","Krimml","","PRESENT",NA,"7a070ba0-bafb-11d9-8e53-b8a03c50a862",47.097873,12.221945,111,NA,1790,NA,NA,NA,"2005-07-24",24,7,2005,5285134,5285134,"HUMAN_OBSERVATION","HNS","Biodiversitätsdatenbank Nationalpark Hohe Tauern","458646","","","","CC_BY_NC_4_0","","ContactID: 3579",NA,"","2026-05-28T13:07:06.529Z","","CONTINENT_DERIVED_FROM_COORDINATES"
3009256272,"c7730a08-74b4-48cd-80a7-831a19ac660d","9C3B2208-81D4-453D-B4B6-2D8BD823D8E0","Plantae","Tracheophyta","Pinopsida","Pinales","Pinaceae","Pinus","Pinus cembra",NA,"SPECIES","Pinus cembra L.","Pinus cembra L.","L.","AT","Krimml","","PRESENT",NA,"7a070ba0-bafb-11d9-8e53-b8a03c50a862",47.119512,12.19221,111,NA,1665,NA,NA,NA,"2005-07-24",24,7,2005,5285134,5285134,"HUMAN_OBSERVATION","HNS","Biodiversitätsdatenbank Nationalpark Hohe Tauern","456238","","","","CC_BY_NC_4_0","","ContactID: 3579",NA,"","2026-05-28T13:07:13.995Z","","CONTINENT_DERIVED_FROM_COORDINATES"
5795988241,"857bce66-f762-11e1-a439-00145eb45e9a","https://www.zobodat.at/belege.php?id=102690552","Plantae","Tracheophyta","Pinopsida","Pinales","Pinaceae","Pinus","Pinus cembra",NA,"SPECIES","Pinus cembra L.","Pinus cembra L.","L.","AT","Biotopkartierung Oberösterreich, BID: 200410407060147, PROJNR: 200410, Fläche: 1961523 m2","","PRESENT",NA,"2d6e0e40-2aee-11d8-aa2d-b8a03c50a862",47.542591,13.561615,1000,NA,1585,170,NA,NA,"2005-08-03",3,8,2005,5285134,5285134,"HUMAN_OBSERVATION","LI","ZOBODAT","102690552","","Diewald Wolfgang, Merschel Marco","","CC0_1_0","","",NA,"","2026-05-28T22:07:15.451Z","","COORDINATE_ROUNDED;CONTINENT_DERIVED_FROM_COORDINATES"
5087314017,"50c9509d-22c7-4a22-a47d-8c48425ef4a7","https://www.inaturalist.org/observations/263530667","Plantae","Tracheophyta","Pinopsida","Pinales","Pinaceae","Pinus","Pinus cembra",NA,"SPECIES","Pinus cembra L.","Pinus cembra","","AT","","Tirol","PRESENT",NA,"28eb1a3f-1c15-4a95-931a-4af90ecb574d",47.215376,11.46543,647,NA,NA,NA,NA,NA,"2024-10-12T11:42",12,10,2024,5285134,5285134,"HUMAN_OBSERVATION","iNaturalist","Observations","263530667","","Thomas Wrbka","2025-03-01T20:05:51","CC_BY_NC_4_0","Thomas Wrbka","Thomas Wrbka",NA,"","2026-06-06T03:57:13.556Z","StillImage","COORDINATE_ROUNDED;CONTINENT_DERIVED_FROM_COORDINATES;TAXON_ID_NOT_FOUND"
5826847695,"c1492854-5d15-40e9-9ee7-24a18ac05112","F954AED9-7C0E-47F4-BE50-955DD1196580","Plantae","Tracheophyta","Pinopsida","Pinales","Pinaceae","Pinus","Pinus cembra",NA,"SPECIES","Pinus cembra L.","Pinus cembra L.","L.","AT","Golling an der Salzach","","PRESENT",NA,"7a070ba0-bafb-11d9-8e53-b8a03c50a862",47.540584,13.120767,4,NA,1599,NA,NA,NA,"2024-08-29",29,8,2024,5285134,5285134,"HUMAN_OBSERVATION","HNS","Biodiversitätsdatenbank Salzburg","3449604","","","","CC_BY_NC_4_0","","ContactID: 3682",NA,"","2026-05-22T05:02:22.667Z","","CONTINENT_DERIVED_FROM_COORDINATES"
5919739902,"857bce66-f762-11e1-a439-00145eb45e9a","https://www.zobodat.at/belege.php?id=102571719","Plantae","Tracheophyta","Pinopsida","Pinales","Pinaceae","Pinus","Pinus cembra",NA,"SPECIES","Pinus cembra L.","Pinus cembra L.","L.","AT","Arlingsattel - Wildfrauenhöhle (FKID: 28656) Neuntel: N43-46-517","","PRESENT",NA,"2d6e0e40-2aee-11d8-aa2d-b8a03c50a862",47.627778,14.357778,600,NA,1537.5,112.5,NA,NA,"2006-09-01",1,9,2006,5285134,5285134,"HUMAN_OBSERVATION","LI","ZOBODAT","102571719","","Schneeweiß Gerald M.","","CC0_1_0","","",NA,"","2026-05-28T22:06:28.535Z","","COORDINATE_ROUNDED;CONTINENT_DERIVED_FROM_COORDINATES"
3337884837,"50c9509d-22c7-4a22-a47d-8c48425ef4a7","https://www.inaturalist.org/observations/89099409","Plantae","Tracheophyta","Pinopsida","Pinales","Pinaceae","Pinus","Pinus cembra",NA,"SPECIES","Pinus cembra L.","Pinus cembra","","AT","","Tirol","PRESENT",NA,"28eb1a3f-1c15-4a95-931a-4af90ecb574d",46.891636,10.736527,NA,NA,NA,NA,NA,NA,"2021-07-28T13:09:42",28,7,2021,5285134,5285134,"HUMAN_OBSERVATION","iNaturalist","Observations","89099409","","Andreas Berger","2021-07-29T19:08:17","CC_BY_NC_4_0","Andreas Berger","Andreas Berger",NA,"","2026-06-06T03:45:49.790Z","StillImage","COORDINATE_ROUNDED;CONTINENT_DERIVED_FROM_COORDINATES;TAXON_ID_NOT_FOUND"
3995821302,"8a863029-f435-446a-821e-275f4f641165","https://observation.org/observation/254119617","Plantae","Tracheophyta","Pinopsida","Pinales","Pinaceae","Pinus","Pinus cembra",NA,"SPECIES","Pinus cembra L.","Pinus cembra","","AT","Untertauern","Salzburg","PRESENT",1,"c8d737e0-2ff8-42e8-b8fc-6b805d26fc5f",47.253468,13.543369,14,NA,NA,NA,NA,NA,"2022-09-04",4,9,2022,5285134,5285134,"HUMAN_OBSERVATION","","","","","","","CC_BY_NC_4_0","Stichting Observation International","User 166207",NA,"","2026-06-02T18:34:52.237Z","",""
3728598909,"8a863029-f435-446a-821e-275f4f641165","https://observation.org/observation/209249851","Plantae","Tracheophyta","Pinopsida","Pinales","Pinaceae","Pinus","Pinus cembra",NA,"SPECIES","Pinus cembra L.","Pinus cembra","","AT","Untertauern","Salzburg","PRESENT",1,"c8d737e0-2ff8-42e8-b8fc-6b805d26fc5f",47.252473,13.524578,15,NA,NA,NA,NA,NA,"2021-03-24",24,3,2021,5285134,5285134,"HUMAN_OBSERVATION","","","","","","","CC_BY_NC_4_0","Stichting Observation International","User 166207",NA,"","2026-06-02T18:42:57.601Z","",""
3996111991,"8a863029-f435-446a-821e-275f4f641165","https://observation.org/observation/258532644","Plantae","Tracheophyta","Pinopsida","Pinales","Pinaceae","Pinus","Pinus cembra",NA,"SPECIES","Pinus cembra L.","Pinus cembra","","AT","Tweng","Salzburg","PRESENT",1,"c8d737e0-2ff8-42e8-b8fc-6b805d26fc5f",47.23943,13.582434,12,NA,NA,NA,NA,NA,"2022-10-30",30,10,2022,5285134,5285134,"HUMAN_OBSERVATION","","","","","","","CC_BY_NC_4_0","Stichting Observation International","User 166207",NA,"","2026-06-02T18:43:43.394Z","",""
4423068688,"c7730a08-74b4-48cd-80a7-831a19ac660d","44EAA498-E0BF-4211-B436-7A9270FE0D15","Plantae","Tracheophyta","Pinopsida","Pinales","Pinaceae","Pinus","Pinus cembra",NA,"SPECIES","Pinus cembra L.","Pinus cembra L.","L.","AT","Heiligenblut","","PRESENT",NA,"7a070ba0-bafb-11d9-8e53-b8a03c50a862",47.02518,12.77342,12,NA,2158,NA,NA,NA,"2019-07-27",27,7,2019,5285134,5285134,"HUMAN_OBSERVATION","HNS","Biodiversitätsdatenbank Nationalpark Hohe Tauern","2313854","","","","CC_BY_NC_4_0","","ContactID: 3682",NA,"","2026-05-28T13:08:15.166Z","","CONTINENT_DERIVED_FROM_COORDINATES"
5795563781,"857bce66-f762-11e1-a439-00145eb45e9a","https://www.zobodat.at/belege.php?id=102928834","Plantae","Tracheophyta","Pinopsida","Pinales","Pinaceae","Pinus","Pinus cembra",NA,"SPECIES","Pinus cembra L.","Pinus cembra L.","L.","AT","Biotopkartierung Oberösterreich, BID: 200202409180418, PROJNR: 200202, Fläche: 291247 m2","","PRESENT",NA,"2d6e0e40-2aee-11d8-aa2d-b8a03c50a862",47.654355,14.252795,1000,NA,1920,155,NA,NA,"2003-09-14",14,9,2003,5285134,5285134,"HUMAN_OBSERVATION","LI","ZOBODAT","102928834","","Schleier Veronika, Merschel Marco","","CC0_1_0","","",NA,"","2026-05-28T22:06:58.303Z","","COORDINATE_ROUNDED;CONTINENT_DERIVED_FROM_COORDINATES"
3010940136,"c1492854-5d15-40e9-9ee7-24a18ac05112","61771C02-D9E7-4B19-9241-3B06F44FD73B","Plantae","Tracheophyta","Pinopsida","Pinales","Pinaceae","Pinus","Pinus cembra",NA,"SPECIES","Pinus cembra L.","Pinus cembra L.","L.","AT","Albeck","","PRESENT",NA,"7a070ba0-bafb-11d9-8e53-b8a03c50a862",46.923693,13.919326,NA,NA,1750,NA,NA,NA,"2014-08-25",25,8,2014,5285134,5285134,"HUMAN_OBSERVATION","HNS","Biodiversitätsdatenbank Salzburg","1521910","","","","CC_BY_NC_4_0","","ContactID: 3682",NA,"","2026-05-22T05:02:28.610Z","","CONTINENT_DERIVED_FROM_COORDINATES"
6171202691,"50c9509d-22c7-4a22-a47d-8c48425ef4a7","https://www.inaturalist.org/observations/340819291","Plantae","Tracheophyta","Pinopsida","Pinales","Pinaceae","Pinus","Pinus cembra",NA,"SPECIES","Pinus cembra L.","Pinus cembra","","AT","","Steiermark","PRESENT",NA,"28eb1a3f-1c15-4a95-931a-4af90ecb574d",46.925344,13.866189,50,NA,NA,NA,NA,NA,"2016-07-29T05:20",29,7,2016,5285134,5285134,"HUMAN_OBSERVATION","iNaturalist","Observations","340819291","","Felix Riegel","2026-03-01T19:22:52","CC_BY_4_0","Felix Riegel","Felix Riegel",NA,"","2026-06-06T03:59:57.068Z","StillImage","COORDINATE_ROUNDED;CONTINENT_DERIVED_FROM_COORDINATES;TAXON_ID_NOT_FOUND"
4990672446,"7b9ee3cf-c98e-43a3-93b0-1672151e43eb","present","Plantae","Tracheophyta","Pinopsida","Pinales","Pinaceae","Pinus","Pinus cembra",NA,"SPECIES","Pinus cembra L.","Pinus cembra L.","","AT","Gesaeuse national park","","PRESENT",NA,"0752a2b0-b635-4fb1-ae5d-50563d60f46e",47.54,14.67,1050,NA,1960,NA,NA,NA,"2015-07-24",24,7,2015,5285134,5285134,"HUMAN_OBSERVATION","1","Biodiversitätsdatenbank Nationalpark Gesäuse","158368","","Kreiner Daniel","","CC_BY_4_0","","Kreiner Daniel",NA,"","2026-04-24T07:02:12.717Z","","CONTINENT_DERIVED_FROM_COORDINATES;OCCURRENCE_STATUS_UNPARSABLE"
6235682966,"50c9509d-22c7-4a22-a47d-8c48425ef4a7","https://www.inaturalist.org/observations/288143134","Plantae","Tracheophyta","Pinopsida","Pinales","Pinaceae","Pinus","Pinus cembra",NA,"SPECIES","Pinus cembra L.","Pinus cembra","","AT","","Tirol","PRESENT",NA,"28eb1a3f-1c15-4a95-931a-4af90ecb574d",47.214806,11.48743,4,NA,NA,NA,NA,NA,"2025-06-09T11:09:53",9,6,2025,5285134,5285134,"HUMAN_OBSERVATION","iNaturalist","Observations","288143134","","Martin A. Prinz","2025-07-10T09:30:37","CC_BY_NC_4_0","emmitloach","emmitloach",NA,"","2026-06-06T04:09:06.274Z","StillImage","COORDINATE_ROUNDED;CONTINENT_DERIVED_FROM_COORDINATES;TAXON_ID_NOT_FOUND"
3995900998,"8a863029-f435-446a-821e-275f4f641165","https://observation.org/observation/254723147","Plantae","Tracheophyta","Pinopsida","Pinales","Pinaceae","Pinus","Pinus cembra",NA,"SPECIES","Pinus cembra L.","Pinus cembra","","AT","Saalbach-Hinterglemm","Salzburg","PRESENT",1,"c8d737e0-2ff8-42e8-b8fc-6b805d26fc5f",47.338611,12.647741,11,NA,NA,NA,NA,NA,"2022-09-13",13,9,2022,5285134,5285134,"HUMAN_OBSERVATION","","","","","","","CC_BY_NC_4_0","Stichting Observation International","User 766923",NA,"","2026-06-02T18:39:50.607Z","StillImage",""
5104460300,"50c9509d-22c7-4a22-a47d-8c48425ef4a7","https://www.inaturalist.org/observations/266139839","Plantae","Tracheophyta","Pinopsida","Pinales","Pinaceae","Pinus","Pinus cembra",NA,"SPECIES","Pinus cembra L.","Pinus cembra","","AT","","Tirol","PRESENT",NA,"28eb1a3f-1c15-4a95-931a-4af90ecb574d",47.22317,11.52765,95,NA,NA,NA,NA,NA,"2025-03-20T11:12:22",20,3,2025,5285134,5285134,"HUMAN_OBSERVATION","iNaturalist","Observations","266139839","","Ben Costamagna","2025-03-20T19:55:51","CC_BY_4_0","Ben Costamagna","Ben Costamagna",NA,"","2026-06-06T03:58:05.116Z","StillImage","COORDINATE_ROUNDED;CONTINENT_DERIVED_FROM_COORDINATES;TAXON_ID_NOT_FOUND"
6235831231,"50c9509d-22c7-4a22-a47d-8c48425ef4a7","https://www.inaturalist.org/observations/131177674","Plantae","Tracheophyta","Pinopsida","Pinales","Pinaceae","Pinus","Pinus cembra",NA,"SPECIES","Pinus cembra L.","Pinus cembra","","AT","","Vorarlberg","PRESENT",NA,"28eb1a3f-1c15-4a95-931a-4af90ecb574d",46.962659,10.112187,5,NA,NA,NA,NA,NA,"2022-08-17T10:48:13",17,8,2022,5285134,5285134,"HUMAN_OBSERVATION","iNaturalist","Observations","131177674","","Günter Schwendinger","2022-08-17T09:40:33","CC_BY_NC_4_0","Günter Schwendinger","Günter Schwendinger",NA,"","2026-06-06T04:00:04.429Z","StillImage","COORDINATE_ROUNDED;CONTINENT_DERIVED_FROM_COORDINATES;TAXON_ID_NOT_FOUND"
3456876333,"50c9509d-22c7-4a22-a47d-8c48425ef4a7","https://www.inaturalist.org/observations/102894628","Plantae","Tracheophyta","Pinopsida","Pinales","Pinaceae","Pinus","Pinus cembra",NA,"SPECIES","Pinus cembra L.","Pinus cembra","","AT","","Tirol","PRESENT",NA,"28eb1a3f-1c15-4a95-931a-4af90ecb574d",47.224565,11.508055,NA,NA,NA,NA,NA,NA,"2012-06-02T12:08Z",2,6,2012,5285134,5285134,"HUMAN_OBSERVATION","iNaturalist","Observations","102894628","","Wolfgang Bacher","2021-12-11T22:41:29","CC0_1_0","Wolfgang Bacher","Wolfgang Bacher",NA,"","2026-06-06T03:46:18.983Z","StillImage","COORDINATE_ROUNDED;CONTINENT_DERIVED_FROM_COORDINATES;TAXON_ID_NOT_FOUND"
4423275810,"c1492854-5d15-40e9-9ee7-24a18ac05112","611FA04F-926F-4712-A364-86BDD4D84E73","Plantae","Tracheophyta","Pinopsida","Pinales","Pinaceae","Pinus","Pinus cembra",NA,"SPECIES","Pinus cembra L.","Pinus cembra L.","L.","AT","Untertauern","","PRESENT",NA,"7a070ba0-bafb-11d9-8e53-b8a03c50a862",47.26024,13.54732,11,NA,1888,NA,NA,NA,"2022-09-04",4,9,2022,5285134,5285134,"HUMAN_OBSERVATION","HNS","Biodiversitätsdatenbank Salzburg","2933932","","","","CC_BY_NC_4_0","","ContactID: 3682",NA,"","2026-05-22T05:02:30.507Z","","CONTINENT_DERIVED_FROM_COORDINATES"
4992397501,"644536b8-e3a1-46bd-95cc-ebfb8e7d2c53","present","Plantae","Tracheophyta","Pinopsida","Pinales","Pinaceae","Pinus","Pinus cembra",NA,"SPECIES","Pinus cembra L.","Pinus cembra","L.","AT","Roßleithen","","PRESENT",NA,"90d71b83-ed31-44fc-bab9-a604c8e7c2b0",47.67,14.26,1000,NA,1354,NA,NA,NA,"2010-10-03",3,10,2010,5285134,5285134,"HUMAN_OBSERVATION","1","Biodiversitätsdatenbank Nationalpark Kalkalpen","3277643","","","","CC_BY_4_0","","Heberling Oliver",NA,"","2026-04-29T07:02:25.079Z","","CONTINENT_DERIVED_FROM_COORDINATES;OCCURRENCE_STATUS_UNPARSABLE"
5171648462,"8a863029-f435-446a-821e-275f4f641165","https://observation.org/observation/353238256","Plantae","Tracheophyta","Pinopsida","Pinales","Pinaceae","Pinus","Pinus cembra",NA,"SPECIES","Pinus cembra L.","Pinus cembra","","AT","Bad Gastein","Salzburg","PRESENT",1,"c8d737e0-2ff8-42e8-b8fc-6b805d26fc5f",47.081126,13.107024,3,NA,NA,NA,NA,NA,"2025-05-30",30,5,2025,5285134,5285134,"HUMAN_OBSERVATION","","","","","","","CC_BY_NC_4_0","Stichting Observation International","User 740078",NA,"","2026-06-02T18:31:27.860Z","StillImage",""
6185155802,"50c9509d-22c7-4a22-a47d-8c48425ef4a7","https://www.inaturalist.org/observations/219755238","Plantae","Tracheophyta","Pinopsida","Pinales","Pinaceae","Pinus","Pinus cembra",NA,"SPECIES","Pinus cembra L.","Pinus cembra","","AT","","Steiermark","PRESENT",NA,"28eb1a3f-1c15-4a95-931a-4af90ecb574d",46.920478,13.87061,NA,NA,NA,NA,NA,NA,"2024-06-01T15:36:54",1,6,2024,5285134,5285134,"HUMAN_OBSERVATION","iNaturalist","Observations","219755238","","Martin A. Prinz","2025-07-10T09:47:04","CC_BY_NC_4_0","Alfred Passath","Alfred Passath",NA,"","2026-06-06T03:45:01.882Z","StillImage","COORDINATE_ROUNDED;CONTINENT_DERIVED_FROM_COORDINATES;TAXON_ID_NOT_FOUND"
5901611505,"8a863029-f435-446a-821e-275f4f641165","https://observation.org/observation/364183881","Plantae","Tracheophyta","Pinopsida","Pinales","Pinaceae","Pinus","Pinus cembra",NA,"SPECIES","Pinus cembra L.","Pinus cembra","","AT","Mauterndorf","Salzburg","PRESENT",1,"c8d737e0-2ff8-42e8-b8fc-6b805d26fc5f",47.131539,13.639758,5,NA,NA,NA,NA,NA,"2025-07-19",19,7,2025,5285134,5285134,"HUMAN_OBSERVATION","","","","","","","CC_BY_NC_4_0","Stichting Observation International","User 166059",NA,"","2026-06-02T18:39:57.985Z","StillImage",""
3944431662,"c7730a08-74b4-48cd-80a7-831a19ac660d","C443EE2B-63C2-4310-B914-82F927173948","Plantae","Tracheophyta","Pinopsida","Pinales","Pinaceae","Pinus","Pinus cembra",NA,"SPECIES","Pinus cembra L.","Pinus cembra L.","L.","AT","Heiligenblut","","PRESENT",NA,"7a070ba0-bafb-11d9-8e53-b8a03c50a862",47.02061,12.78067,1200,NA,1780,NA,NA,NA,"2019-07-26",26,7,2019,5285134,5285134,"HUMAN_OBSERVATION","HNS","Biodiversitätsdatenbank Nationalpark Hohe Tauern","2590025","","","","CC_BY_NC_4_0","","ContactID: 5181",NA,"","2026-05-28T13:08:03.383Z","","CONTINENT_DERIVED_FROM_COORDINATES"
5795116961,"857bce66-f762-11e1-a439-00145eb45e9a","https://www.zobodat.at/belege.php?id=103787456","Plantae","Tracheophyta","Pinopsida","Pinales","Pinaceae","Pinus","Pinus cembra",NA,"SPECIES","Pinus cembra L.","Pinus cembra L.","L.","AT","Biotopkartierung Oberösterreich, BID: 200202409180035, PROJNR: 200202, Fläche: 541056 m2","","PRESENT",NA,"2d6e0e40-2aee-11d8-aa2d-b8a03c50a862",47.629177,14.241866,1000,NA,1775,125,NA,NA,"2004-07-22",22,7,2004,5285134,5285134,"HUMAN_OBSERVATION","LI","ZOBODAT","103787456","","Diewald Wolfgang, Merschel Marco","","CC0_1_0","","",NA,"","2026-05-28T22:07:25.813Z","","COORDINATE_ROUNDED;CONTINENT_DERIVED_FROM_COORDINATES"
4945790641,"50c9509d-22c7-4a22-a47d-8c48425ef4a7","https://www.inaturalist.org/observations/240631739","Plantae","Tracheophyta","Pinopsida","Pinales","Pinaceae","Pinus","Pinus cembra",NA,"SPECIES","Pinus cembra L.","Pinus cembra","","AT","","Tirol","PRESENT",NA,"28eb1a3f-1c15-4a95-931a-4af90ecb574d",46.901267,12.49877,8,NA,NA,NA,NA,NA,"2024-09-08T10:34:28",8,9,2024,5285134,5285134,"HUMAN_OBSERVATION","iNaturalist","Observations","240631739","","capepolly","2024-09-08T21:08:41","CC_BY_NC_4_0","capepolly","capepolly",NA,"","2026-06-06T04:04:32.695Z","StillImage","COORDINATE_ROUNDED;CONTINENT_DERIVED_FROM_COORDINATES;TAXON_ID_NOT_FOUND"
5795698831,"857bce66-f762-11e1-a439-00145eb45e9a","https://www.zobodat.at/belege.php?id=103940441","Plantae","Tracheophyta","Pinopsida","Pinales","Pinaceae","Pinus","Pinus cembra",NA,"SPECIES","Pinus cembra L.","Pinus cembra L.","L.","AT","Biotopkartierung Oberösterreich, BID: 200410407060375, PROJNR: 200410, Fläche: 293458 m2","","PRESENT",NA,"2d6e0e40-2aee-11d8-aa2d-b8a03c50a862",47.539386,13.533449,1000,NA,1562.5,142.5,NA,NA,"2005-07-20",20,7,2005,5285134,5285134,"HUMAN_OBSERVATION","LI","ZOBODAT","103940441","","Merschel Marco","","CC0_1_0","","",NA,"","2026-05-28T22:06:21.828Z","","COORDINATE_ROUNDED;CONTINENT_DERIVED_FROM_COORDINATES"
3009308904,"c7730a08-74b4-48cd-80a7-831a19ac660d","30A3F062-EB42-4810-8532-708F82EE0EF5","Plantae","Tracheophyta","Pinopsida","Pinales","Pinaceae","Pinus","Pinus cembra",NA,"SPECIES","Pinus cembra L.","Pinus cembra L.","L.","AT","Kals am Großglockner","","PRESENT",NA,"7a070ba0-bafb-11d9-8e53-b8a03c50a862",47.060982,12.607179,20,NA,2309,NA,NA,NA,"2007-07-21",21,7,2007,5285134,5285134,"HUMAN_OBSERVATION","HNS","Biodiversitätsdatenbank Nationalpark Hohe Tauern","421997","","","","CC_BY_NC_4_0","","ContactID: 3208",NA,"","2026-05-28T13:07:29.557Z","","CONTINENT_DERIVED_FROM_COORDINATES"
5901450864,"8a863029-f435-446a-821e-275f4f641165","https://observation.org/observation/360187675","Plantae","Tracheophyta","Pinopsida","Pinales","Pinaceae","Pinus","Pinus cembra",NA,"SPECIES","Pinus cembra L.","Pinus cembra","","AT","Tamsweg (Marktgemeinde)","Salzburg","PRESENT",1,"c8d737e0-2ff8-42e8-b8fc-6b805d26fc5f",47.18348,13.85803,8,NA,NA,NA,NA,NA,"2025-06-30",30,6,2025,5285134,5285134,"HUMAN_OBSERVATION","","","","","","","CC_BY_NC_4_0","Stichting Observation International","User 771337",NA,"","2026-06-02T18:45:34.398Z","StillImage",""
3986403331,"50c9509d-22c7-4a22-a47d-8c48425ef4a7","https://www.inaturalist.org/observations/143252446","Plantae","Tracheophyta","Pinopsida","Pinales","Pinaceae","Pinus","Pinus cembra",NA,"SPECIES","Pinus cembra L.","Pinus cembra","","AT","","Tirol","PRESENT",NA,"28eb1a3f-1c15-4a95-931a-4af90ecb574d",46.870272,11.026926,969,NA,NA,NA,NA,NA,"2022-10-15T12:52:52",15,10,2022,5285134,5285134,"HUMAN_OBSERVATION","iNaturalist","Observations","143252446","","Helmling","2022-11-29T11:47:58","CC_BY_NC_4_0","thepinguin","thepinguin",NA,"","2026-06-06T04:02:01.117Z","StillImage","COORDINATE_ROUNDED;CONTINENT_DERIVED_FROM_COORDINATES;TAXON_ID_NOT_FOUND"
5827250495,"c1492854-5d15-40e9-9ee7-24a18ac05112","C7CF485C-5382-452B-A2ED-E4FC21D2A8BF","Plantae","Tracheophyta","Pinopsida","Pinales","Pinaceae","Pinus","Pinus cembra",NA,"SPECIES","Pinus cembra L.","Pinus cembra L.","L.","AT","Reichenau","","PRESENT",NA,"7a070ba0-bafb-11d9-8e53-b8a03c50a862",46.916121,13.866578,3,NA,1966,NA,NA,NA,"2024-08-06",6,8,2024,5285134,5285134,"HUMAN_OBSERVATION","HNS","Biodiversitätsdatenbank Salzburg","3601008","","","","CC_BY_NC_4_0","","ContactID: 2786",NA,"","2026-05-22T05:02:26.056Z","","CONTINENT_DERIVED_FROM_COORDINATES"
6248224362,"c1492854-5d15-40e9-9ee7-24a18ac05112","B38D2177-1233-4FD4-9418-1F09E53892F2","Plantae","Tracheophyta","Pinopsida","Pinales","Pinaceae","Pinus","Pinus cembra",NA,"SPECIES","Pinus cembra L.","Pinus cembra L.","L.","AT","Pichl-Preunegg","","PRESENT",NA,"7a070ba0-bafb-11d9-8e53-b8a03c50a862",47.355142,13.639347,2,NA,1732,NA,NA,NA,"2025-08-28",28,8,2025,5285134,5285134,"HUMAN_OBSERVATION","HNS","Biodiversitätsdatenbank Salzburg","3970268","","","","CC_BY_NC_4_0","","ContactID: 2786",NA,"","2026-05-22T05:02:26.442Z","","CONTINENT_DERIVED_FROM_COORDINATES"
6248251480,"c1492854-5d15-40e9-9ee7-24a18ac05112","A0166579-B708-4641-BBE9-AF016E221FF8","Plantae","Tracheophyta","Pinopsida","Pinales","Pinaceae","Pinus","Pinus cembra",NA,"SPECIES","Pinus cembra L.","Pinus cembra L.","L.","AT","Krakauhintermühlen","","PRESENT",NA,"7a070ba0-bafb-11d9-8e53-b8a03c50a862",47.197497,13.898467,4,NA,1882,NA,NA,NA,"2025-10-12",12,10,2025,5285134,5285134,"HUMAN_OBSERVATION","HNS","Biodiversitätsdatenbank Salzburg","3924632","","","","CC_BY_NC_4_0","","ContactID: 3682",NA,"","2026-05-22T05:02:11.204Z","","CONTINENT_DERIVED_FROM_COORDINATES"
3009222402,"c7730a08-74b4-48cd-80a7-831a19ac660d","228DFE2A-CA38-4789-8E1D-ED565D3B3CF3","Plantae","Tracheophyta","Pinopsida","Pinales","Pinaceae","Pinus","Pinus cembra",NA,"SPECIES","Pinus cembra L.","Pinus cembra L.","L.","AT","St. Veit in Defereggen","","PRESENT",NA,"7a070ba0-bafb-11d9-8e53-b8a03c50a862",46.928341,12.395127,111,NA,1940,NA,NA,NA,"2006-07-03",3,7,2006,5285134,5285134,"HUMAN_OBSERVATION","HNS","Biodiversitätsdatenbank Nationalpark Hohe Tauern","450863","","","","CC_BY_NC_4_0","","ContactID: 3579",NA,"","2026-05-28T13:07:00.761Z","","CONTINENT_DERIVED_FROM_COORDINATES"
3012034254,"c1492854-5d15-40e9-9ee7-24a18ac05112","B32B5412-40D5-4018-9114-01786BDC1362","Plantae","Tracheophyta","Pinopsida","Pinales","Pinaceae","Pinus","Pinus cembra",NA,"SPECIES","Pinus cembra L.","Pinus cembra L.","L.","AT","Bad Gastein","","PRESENT",NA,"7a070ba0-bafb-11d9-8e53-b8a03c50a862",47.06955,13.05912,25,NA,1912,NA,NA,NA,"2019-09-13",13,9,2019,5285134,5285134,"HUMAN_OBSERVATION","HNS","Biodiversitätsdatenbank Salzburg","2313979","","","","CC_BY_NC_4_0","","ContactID: 158572",NA,"","2026-05-22T05:01:51.627Z","","CONTINENT_DERIVED_FROM_COORDINATES"
4423197370,"c1492854-5d15-40e9-9ee7-24a18ac05112","C9ADF55B-994D-4D0D-80D8-4E8B9F673E5C","Plantae","Tracheophyta","Pinopsida","Pinales","Pinaceae","Pinus","Pinus cembra",NA,"SPECIES","Pinus cembra L.","Pinus cembra L.","L.","AT","Hohentauern","","PRESENT",NA,"7a070ba0-bafb-11d9-8e53-b8a03c50a862",47.43431,14.43403,4,NA,1906,NA,NA,NA,"2023-06-25",25,6,2023,5285134,5285134,"HUMAN_OBSERVATION","HNS","Biodiversitätsdatenbank Salzburg","3028971","","","","CC_BY_NC_4_0","","ContactID: 3682",NA,"","2026-05-22T05:02:18.983Z","","COORDINATE_ROUNDED;CONTINENT_DERIVED_FROM_COORDINATES"
3009243035,"c7730a08-74b4-48cd-80a7-831a19ac660d","72EE656B-FA5A-49C4-A7E1-FA22B7D0E20F","Plantae","Tracheophyta","Pinopsida","Pinales","Pinaceae","Pinus","Pinus cembra",NA,"SPECIES","Pinus cembra L.","Pinus cembra L.","L.","AT","Nußdorf-Debant","","PRESENT",NA,"7a070ba0-bafb-11d9-8e53-b8a03c50a862",46.930874,12.764954,111,NA,2010,NA,NA,NA,"2005-07-06",6,7,2005,5285134,5285134,"HUMAN_OBSERVATION","HNS","Biodiversitätsdatenbank Nationalpark Hohe Tauern","440810","","","","CC_BY_NC_4_0","","ContactID: 3682",NA,"","2026-05-28T13:07:08.910Z","","CONTINENT_DERIVED_FROM_COORDINATES"
3944422664,"c7730a08-74b4-48cd-80a7-831a19ac660d","988B4DDA-0FF9-4D75-94E8-EF5E0C18604A","Plantae","Tracheophyta","Pinopsida","Pinales","Pinaceae","Pinus","Pinus cembra",NA,"SPECIES","Pinus cembra L.","Pinus cembra L.","L.","AT","Neukirchen/Großvenediger","","PRESENT",NA,"7a070ba0-bafb-11d9-8e53-b8a03c50a862",47.142326,12.258832,100,NA,2198,NA,NA,NA,"2021-08-19",19,8,2021,5285134,5285134,"HUMAN_OBSERVATION","HNS","Biodiversitätsdatenbank Nationalpark Hohe Tauern","2764515","","","","CC_BY_NC_4_0","","ContactID: 4478",NA,"","2026-05-28T13:08:02.116Z","","CONTINENT_DERIVED_FROM_COORDINATES"
1703064981,"aab0cf80-0c64-11dd-84d1-b8a03c50a862","LD:General:1920713","Plantae","Tracheophyta","Pinopsida","Pinales","Pinaceae","Pinus","Pinus cembra",NA,"SPECIES","Pinus cembra L.","Pinus cembra","","AT","Flattnitz","Kärnten","PRESENT",1,"c0758a16-296b-4ec3-97fd-8a057d9060f3",46.943333,14.034167,NA,NA,NA,NA,NA,NA,"",NA,NA,NA,5285134,5285134,"PRESERVED_SPECIMEN","LD","General","1920713","","","","CC_BY_NC_4_0","","[Traunfellner?; ex herb. C. A. Agardh]",NA,"","2026-06-07T23:21:46.999Z","","COORDINATE_ROUNDED;GEODETIC_DATUM_ASSUMED_WGS84;OCCURRENCE_STATUS_INFERRED_FROM_INDIVIDUAL_COUNT;COLLECTION_MATCH_NONE;INSTITUTION_MATCH_FUZZY"
3011439772,"c1492854-5d15-40e9-9ee7-24a18ac05112","F5553945-B5B8-48E4-9A46-41D3D8A21DD2","Plantae","Tracheophyta","Pinopsida","Pinales","Pinaceae","Pinus","Pinus cembra",NA,"SPECIES","Pinus cembra L.","Pinus cembra L.","L.","AT","Ramingstein","","PRESENT",NA,"7a070ba0-bafb-11d9-8e53-b8a03c50a862",47.066588,13.834652,30,NA,1070,NA,NA,NA,"2013-02-21",21,2,2013,5285134,5285134,"HUMAN_OBSERVATION","HNS","Biodiversitätsdatenbank Salzburg","1394747","","","","CC_BY_NC_4_0","","ContactID: 3682",NA,"","2026-05-22T05:01:47.893Z","","CONTINENT_DERIVED_FROM_COORDINATES"
5796478109,"857bce66-f762-11e1-a439-00145eb45e9a","https://www.zobodat.at/belege.php?id=102656709","Plantae","Tracheophyta","Pinopsida","Pinales","Pinaceae","Pinus","Pinus cembra",NA,"SPECIES","Pinus cembra L.","Pinus cembra L.","L.","AT","Biotopkartierung Oberösterreich, BID: 200814407090088, PROJNR: 200814, Fläche: 452304 m2","","PRESENT",NA,"2d6e0e40-2aee-11d8-aa2d-b8a03c50a862",47.53599,13.571413,1000,NA,1717.5,127.5,NA,NA,"2009-09-01",1,9,2009,5285134,5285134,"HUMAN_OBSERVATION","LI","ZOBODAT","102656709","","Diewald Wolfgang, Schleier Veronika","","CC0_1_0","","",NA,"","2026-05-28T22:06:25.416Z","","COORDINATE_ROUNDED;CONTINENT_DERIVED_FROM_COORDINATES"
5936415913,"50c9509d-22c7-4a22-a47d-8c48425ef4a7","https://www.inaturalist.org/observations/310540070","Plantae","Tracheophyta","Pinopsida","Pinales","Pinaceae","Pinus","Pinus cembra",NA,"SPECIES","Pinus cembra L.","Pinus cembra","","AT","","Steiermark","PRESENT",NA,"28eb1a3f-1c15-4a95-931a-4af90ecb574d",47.352318,15.2524,NA,NA,NA,NA,NA,NA,"2025-08-31T14:07",31,8,2025,5285134,5285134,"HUMAN_OBSERVATION","iNaturalist","Observations","310540070","","Sepp Schmid","2025-08-31T17:45:43","CC_BY_NC_4_0","Sepp Schmid","Sepp Schmid",NA,"","2026-06-06T03:34:46.298Z","StillImage","COORDINATE_ROUNDED;CONTINENT_DERIVED_FROM_COORDINATES;TAXON_ID_NOT_FOUND"
4935331286,"8a863029-f435-446a-821e-275f4f641165","https://observation.org/observation/322649692","Plantae","Tracheophyta","Pinopsida","Pinales","Pinaceae","Pinus","Pinus cembra",NA,"SPECIES","Pinus cembra L.","Pinus cembra","","AT","Mieders (Gemeinde)","Tirol","PRESENT",1,"c8d737e0-2ff8-42e8-b8fc-6b805d26fc5f",47.147991,11.393423,32,NA,NA,NA,NA,NA,"2024-08-03",3,8,2024,5285134,5285134,"HUMAN_OBSERVATION","","","","","","","CC_BY_NC_4_0","Stichting Observation International","User 839455",NA,"","2026-06-02T18:34:49.400Z","StillImage",""
6248181472,"c1492854-5d15-40e9-9ee7-24a18ac05112","39E30CF2-BBEA-449C-89D6-CFD5BE5E72D0","Plantae","Tracheophyta","Pinopsida","Pinales","Pinaceae","Pinus","Pinus cembra",NA,"SPECIES","Pinus cembra L.","Pinus cembra L.","L.","AT","Krimml","","PRESENT",NA,"7a070ba0-bafb-11d9-8e53-b8a03c50a862",47.140647,12.154469,14,NA,1995,NA,NA,NA,"2025-06-23",23,6,2025,5285134,5285134,"HUMAN_OBSERVATION","HNS","Biodiversitätsdatenbank Salzburg","3932131","","","","CC_BY_NC_4_0","","ContactID: 2786",NA,"","2026-05-22T05:02:13.542Z","","CONTINENT_DERIVED_FROM_COORDINATES"
6115515171,"857bce66-f762-11e1-a439-00145eb45e9a","https://www.zobodat.at/belege.php?id=104544940","Plantae","Tracheophyta","Pinopsida","Pinales","Pinaceae","Pinus","Pinus cembra",NA,"SPECIES","Pinus cembra L.","Pinus cembra L.","L.","AT","Dachstein-Nordabdachung (RELEVE_NR: 16986)","","PRESENT",NA,"2d6e0e40-2aee-11d8-aa2d-b8a03c50a862",47.525,13.708056,4200,NA,1270,NA,NA,NA,"1994",NA,NA,1994,5285134,5285134,"HUMAN_OBSERVATION","LI","ZOBODAT","104544940","","Maier Franz","","CC0_1_0","","",NA,"","2026-05-28T22:06:30.282Z","","COORDINATE_ROUNDED;CONTINENT_DERIVED_FROM_COORDINATES"
5902249923,"8a863029-f435-446a-821e-275f4f641165","https://observation.org/observation/363192723","Plantae","Tracheophyta","Pinopsida","Pinales","Pinaceae","Pinus","Pinus cembra",NA,"SPECIES","Pinus cembra L.","Pinus cembra","","AT","Schladming","Steiermark","PRESENT",1,"c8d737e0-2ff8-42e8-b8fc-6b805d26fc5f",47.358949,13.595929,5,NA,NA,NA,NA,NA,"2025-07-16",16,7,2025,5285134,5285134,"HUMAN_OBSERVATION","","","","","","","CC_BY_NC_4_0","Stichting Observation International","User 390913",NA,"","2026-06-02T18:44:47.473Z","StillImage",""
5826820870,"c7730a08-74b4-48cd-80a7-831a19ac660d","159FC344-6716-4EC6-8F5B-9D77675B50DD","Plantae","Tracheophyta","Pinopsida","Pinales","Pinaceae","Pinus","Pinus cembra",NA,"SPECIES","Pinus cembra L.","Pinus cembra L.","L.","AT","St.Veit in Defereggen","","PRESENT",NA,"7a070ba0-bafb-11d9-8e53-b8a03c50a862",46.939583,12.406309,1000,NA,NA,NA,NA,NA,"2023-07-22",22,7,2023,5285134,5285134,"HUMAN_OBSERVATION","HNS","Biodiversitätsdatenbank Nationalpark Hohe Tauern","3410168","","","","CC_BY_NC_4_0","","ContactID: 4745",NA,"","2026-05-28T13:08:24.573Z","","CONTINENT_DERIVED_FROM_COORDINATES"
4400500369,"50c9509d-22c7-4a22-a47d-8c48425ef4a7","https://www.inaturalist.org/observations/179741986","Plantae","Tracheophyta","Pinopsida","Pinales","Pinaceae","Pinus","Pinus cembra",NA,"SPECIES","Pinus cembra L.","Pinus cembra","","AT","","Salzburg","PRESENT",NA,"28eb1a3f-1c15-4a95-931a-4af90ecb574d",47.111692,13.221413,NA,NA,NA,NA,NA,NA,"2021-06-15T07:29",15,6,2021,5285134,5285134,"HUMAN_OBSERVATION","iNaturalist","Observations","179741986","","Kurt Nadler","2023-08-22T21:42:49","CC_BY_NC_4_0","Kurt Nadler","Kurt Nadler",NA,"","2026-06-06T03:40:32.494Z","StillImage","COORDINATE_ROUNDED;CONTINENT_DERIVED_FROM_COORDINATES;TAXON_ID_NOT_FOUND"
3903258427,"50c9509d-22c7-4a22-a47d-8c48425ef4a7","https://www.inaturalist.org/observations/134219167","Plantae","Tracheophyta","Pinopsida","Pinales","Pinaceae","Pinus","Pinus cembra",NA,"SPECIES","Pinus cembra L.","Pinus cembra","","AT","","Oberösterreich","PRESENT",NA,"28eb1a3f-1c15-4a95-931a-4af90ecb574d",47.532734,13.625863,NA,NA,NA,NA,NA,NA,"2022-08-26T14:10",26,8,2022,5285134,5285134,"HUMAN_OBSERVATION","iNaturalist","Observations","134219167","","Vladimír Fuka","2022-09-08T20:47:58","CC_BY_4_0","Vladimír Fuka","Vladimír Fuka",NA,"","2026-06-06T03:57:23.096Z","StillImage","COORDINATE_ROUNDED;CONTINENT_DERIVED_FROM_COORDINATES;TAXON_ID_NOT_FOUND"
5901459898,"8a863029-f435-446a-821e-275f4f641165","https://observation.org/observation/366457611","Plantae","Tracheophyta","Pinopsida","Pinales","Pinaceae","Pinus","Pinus cembra",NA,"SPECIES","Pinus cembra L.","Pinus cembra","","AT","Großkirchheim (Gemeinde)","Kärnten","PRESENT",1,"c8d737e0-2ff8-42e8-b8fc-6b805d26fc5f",47.004301,12.855816,NA,NA,NA,NA,NA,NA,"2025-07-19",19,7,2025,5285134,5285134,"HUMAN_OBSERVATION","","","","","","","CC_BY_NC_4_0","Stichting Observation International","User 1151015",NA,"","2026-06-02T18:32:07.204Z","StillImage",""
3383395326,"c1492854-5d15-40e9-9ee7-24a18ac05112","448E37E0-0661-4401-83F6-E6A04133EE19","Plantae","Tracheophyta","Pinopsida","Pinales","Pinaceae","Pinus","Pinus cembra",NA,"SPECIES","Pinus cembra L.","Pinus cembra L.","L.","AT","Tweng","","PRESENT",NA,"7a070ba0-bafb-11d9-8e53-b8a03c50a862",47.23471,13.5753,15,NA,1591,NA,NA,NA,"2021-03-24",24,3,2021,5285134,5285134,"HUMAN_OBSERVATION","HNS","Biodiversitätsdatenbank Salzburg","2577403","","","","CC_BY_NC_4_0","","ContactID: 3682",NA,"","2026-05-22T05:02:17.310Z","","CONTINENT_DERIVED_FROM_COORDINATES"
3885868029,"857bce66-f762-11e1-a439-00145eb45e9a","https://www.zobodat.at/belege.php?id=100034200","Plantae","Tracheophyta","Pinopsida","Pinales","Pinaceae","Pinus","Pinus cembra",NA,"SPECIES","Pinus cembra L.","Pinus cembra L.","L.","AT","Hinterstoder","","PRESENT",NA,"2d6e0e40-2aee-11d8-aa2d-b8a03c50a862",47.699444,14.124167,5000,NA,NA,NA,NA,NA,"",NA,NA,NA,5285134,5285134,"HUMAN_OBSERVATION","LI","ZOBODAT","100034200","","Oberleitner Franz S.","","CC0_1_0","","Oberleitner Franz S.",NA,"","2026-05-28T22:06:22.309Z","","COORDINATE_ROUNDED;CONTINENT_DERIVED_FROM_COORDINATES"
5023219215,"6ac3f774-d9fb-4796-b3e9-92bf6c81c084","","Plantae","Tracheophyta","Pinopsida","Pinales","Pinaceae","Pinus","Pinus cembra",NA,"SPECIES","Pinus cembra L.","Pinus cembra","","AT","GEO01: Gschlößtal","","PRESENT",NA,"bb646dff-a905-4403-a49b-6d378c2cf0d9",47.118999,12.496498,250,NA,NA,NA,NA,NA,"2013-06-15T00:00",15,6,2013,5285134,5285134,"HUMAN_OBSERVATION","NABU|naturgucker","NABU|naturgucker","2139108903","","","","CC_BY_4_0","","-469932556",NA,"","2026-06-04T11:56:17.997Z","","COORDINATE_ROUNDED;GEODETIC_DATUM_ASSUMED_WGS84;CONTINENT_DERIVED_FROM_COORDINATES"
5829310753,"8a863029-f435-446a-821e-275f4f641165","https://observation.org/observation/373474717","Plantae","Tracheophyta","Pinopsida","Pinales","Pinaceae","Pinus","Pinus cembra",NA,"SPECIES","Pinus cembra L.","Pinus cembra","","AT","Bad Gastein","Salzburg","PRESENT",1,"c8d737e0-2ff8-42e8-b8fc-6b805d26fc5f",47.094267,13.173594,32,NA,NA,NA,NA,NA,"2025-09-20",20,9,2025,5285134,5285134,"HUMAN_OBSERVATION","","","","","","","CC_BY_NC_4_0","Stichting Observation International","User 999544",NA,"","2026-06-02T18:41:14.532Z","StillImage",""
4423068042,"c7730a08-74b4-48cd-80a7-831a19ac660d","82759D22-593C-481E-B270-854F52077014","Plantae","Tracheophyta","Pinopsida","Pinales","Pinaceae","Pinus","Pinus cembra",NA,"SPECIES","Pinus cembra L.","Pinus cembra L.","L.","AT","Heiligenblut","","PRESENT",NA,"7a070ba0-bafb-11d9-8e53-b8a03c50a862",47.02424,12.77789,48,NA,2019,NA,NA,NA,"2019-07-27",27,7,2019,5285134,5285134,"HUMAN_OBSERVATION","HNS","Biodiversitätsdatenbank Nationalpark Hohe Tauern","2313850","","","","CC_BY_NC_4_0","","ContactID: 3682",NA,"","2026-05-28T13:08:15.518Z","","CONTINENT_DERIVED_FROM_COORDINATES"
3944440335,"c7730a08-74b4-48cd-80a7-831a19ac660d","E83B0CF1-F338-49CF-96C5-5E8A30CBC5E7","Plantae","Tracheophyta","Pinopsida","Pinales","Pinaceae","Pinus","Pinus cembra",NA,"SPECIES","Pinus cembra L.","Pinus cembra L.","L.","AT","Matrei in Osttirol","","PRESENT",NA,"7a070ba0-bafb-11d9-8e53-b8a03c50a862",47.120965,12.424109,100,NA,1816,NA,NA,NA,"2021-08-11",11,8,2021,5285134,5285134,"HUMAN_OBSERVATION","HNS","Biodiversitätsdatenbank Nationalpark Hohe Tauern","2764489","","","","CC_BY_NC_4_0","","ContactID: 3579",NA,"","2026-05-28T13:08:05.599Z","","CONTINENT_DERIVED_FROM_COORDINATES"
4920723588,"c1492854-5d15-40e9-9ee7-24a18ac05112","9963488A-EA58-4E74-8DC7-07F74C2C092A","Plantae","Tracheophyta","Pinopsida","Pinales","Pinaceae","Pinus","Pinus cembra",NA,"SPECIES","Pinus cembra L.","Pinus cembra L.","L.","AT","St.Jakob in Defereggen","","PRESENT",NA,"7a070ba0-bafb-11d9-8e53-b8a03c50a862",46.94523,12.21804,8,NA,1768,NA,NA,NA,"2023-09-11",11,9,2023,5285134,5285134,"HUMAN_OBSERVATION","HNS","Biodiversitätsdatenbank Salzburg","3285685","","","","CC_BY_NC_4_0","","ContactID: 2786",NA,"","2026-05-22T05:02:21.418Z","","CONTINENT_DERIVED_FROM_COORDINATES"
3947631687,"50c9509d-22c7-4a22-a47d-8c48425ef4a7","https://www.inaturalist.org/observations/139017148","Plantae","Tracheophyta","Pinopsida","Pinales","Pinaceae","Pinus","Pinus cembra",NA,"SPECIES","Pinus cembra L.","Pinus cembra","","AT","","Steiermark","PRESENT",NA,"28eb1a3f-1c15-4a95-931a-4af90ecb574d",47.074257,14.600318,NA,NA,NA,NA,NA,NA,"2022-10-16T14:04",16,10,2022,5285134,5285134,"HUMAN_OBSERVATION","iNaturalist","Observations","139017148","","Wolfgang Schrittwieser","2022-10-16T19:30:53","CC_BY_NC_4_0","Wolfgang Schrittwieser","Wolfgang Schrittwieser",NA,"","2026-06-06T03:29:27.892Z","StillImage","CONTINENT_DERIVED_FROM_COORDINATES;TAXON_ID_NOT_FOUND"
6236004877,"50c9509d-22c7-4a22-a47d-8c48425ef4a7","https://www.inaturalist.org/observations/154812344","Plantae","Tracheophyta","Pinopsida","Pinales","Pinaceae","Pinus","Pinus cembra",NA,"SPECIES","Pinus cembra L.","Pinus cembra","","AT","","Salzburg","PRESENT",NA,"28eb1a3f-1c15-4a95-931a-4af90ecb574d",47.506538,12.863138,NA,NA,NA,NA,NA,NA,"2022-05-19T04:17",19,5,2022,5285134,5285134,"HUMAN_OBSERVATION","iNaturalist","Observations","154812344","","Kurt Nadler","2023-04-14T13:30:21","CC_BY_NC_4_0","Kurt Nadler","Kurt Nadler",NA,"","2026-06-06T03:51:46.849Z","StillImage","COORDINATE_ROUNDED;CONTINENT_DERIVED_FROM_COORDINATES;TAXON_ID_NOT_FOUND"
6184916777,"50c9509d-22c7-4a22-a47d-8c48425ef4a7","https://www.inaturalist.org/observations/223743403","Plantae","Tracheophyta","Pinopsida","Pinales","Pinaceae","Pinus","Pinus cembra",NA,"SPECIES","Pinus cembra L.","Pinus cembra","","AT","","Tirol","PRESENT",NA,"28eb1a3f-1c15-4a95-931a-4af90ecb574d",47.21806,11.503878,1308,NA,NA,NA,NA,NA,"2024-06-19T15:17:33",19,6,2024,5285134,5285134,"HUMAN_OBSERVATION","iNaturalist","Observations","223743403","","Martin A. Prinz","2025-07-10T09:16:47","CC_BY_NC_4_0","Manuel Eberl","Manuel Eberl",NA,"","2026-06-06T03:35:21.146Z","StillImage","COORDINATE_ROUNDED;CONTINENT_DERIVED_FROM_COORDINATES;TAXON_ID_NOT_FOUND"
3012286060,"c1492854-5d15-40e9-9ee7-24a18ac05112","F4EFAA4D-44E9-4C5B-ACBC-42C1217749A7","Plantae","Tracheophyta","Pinopsida","Pinales","Pinaceae","Pinus","Pinus cembra",NA,"SPECIES","Pinus cembra L.","Pinus cembra L.","L.","AT","Bad Kleinkirchheim","","PRESENT",NA,"7a070ba0-bafb-11d9-8e53-b8a03c50a862",46.921958,13.80042,NA,NA,1870,NA,NA,NA,"2014-09-28",28,9,2014,5285134,5285134,"HUMAN_OBSERVATION","HNS","Biodiversitätsdatenbank Salzburg","1521895","","","","CC_BY_NC_4_0","","ContactID: 4698",NA,"","2026-05-22T05:01:53.176Z","","COORDINATE_ROUNDED;CONTINENT_DERIVED_FROM_COORDINATES"
3011128109,"c1492854-5d15-40e9-9ee7-24a18ac05112","9E6035C9-F7FA-4594-99C6-97B14B6279DF","Plantae","Tracheophyta","Pinopsida","Pinales","Pinaceae","Pinus","Pinus cembra",NA,"SPECIES","Pinus cembra L.","Pinus cembra L.","L.","AT","Rauris","","PRESENT",NA,"7a070ba0-bafb-11d9-8e53-b8a03c50a862",47.075,12.95835,6000,NA,NA,NA,NA,NA,"1976",NA,NA,1976,5285134,5285134,"HUMAN_OBSERVATION","HNS","Biodiversitätsdatenbank Salzburg","2142805","","","","CC_BY_NC_4_0","","ContactID: 2786",NA,"","2026-05-22T05:02:30.229Z","","CONTINENT_DERIVED_FROM_COORDINATES"
3011905526,"c1492854-5d15-40e9-9ee7-24a18ac05112","847688B7-1E14-45D7-80D8-A62E3C08A6F5","Plantae","Tracheophyta","Pinopsida","Pinales","Pinaceae","Pinus","Pinus cembra",NA,"SPECIES","Pinus cembra L.","Pinus cembra L.","L.","AT","Thomatal","","PRESENT",NA,"7a070ba0-bafb-11d9-8e53-b8a03c50a862",46.99392,13.76779,50,NA,1720,NA,NA,NA,"2012-06-26",26,6,2012,5285134,5285134,"HUMAN_OBSERVATION","HNS","Biodiversitätsdatenbank Salzburg","1322177","","","","CC_BY_NC_4_0","","ContactID: 3682",NA,"","2026-05-22T05:01:54.817Z","","CONTINENT_DERIVED_FROM_COORDINATES"
5840891931,"8a863029-f435-446a-821e-275f4f641165","https://observation.org/observation/370400911","Plantae","Tracheophyta","Pinopsida","Pinales","Pinaceae","Pinus","Pinus cembra",NA,"SPECIES","Pinus cembra L.","Pinus cembra","","AT","Silz (Gemeinde)","Tirol","PRESENT",1,"c8d737e0-2ff8-42e8-b8fc-6b805d26fc5f",47.223921,10.974221,NA,NA,NA,NA,NA,NA,"2025-08-24",24,8,2025,5285134,5285134,"HUMAN_OBSERVATION","","","","","","","CC_BY_NC_4_0","Stichting Observation International","User 940517",NA,"","2026-06-02T18:31:43.702Z","StillImage",""
3011658734,"c1492854-5d15-40e9-9ee7-24a18ac05112","3EA31D9B-70B0-4AE2-AFCF-02B6AC2E9D3F","Plantae","Tracheophyta","Pinopsida","Pinales","Pinaceae","Pinus","Pinus cembra",NA,"SPECIES","Pinus cembra L.","Pinus cembra L.","L.","AT","Untertauern","","PRESENT",NA,"7a070ba0-bafb-11d9-8e53-b8a03c50a862",47.283962,13.526129,150,NA,1640,NA,NA,NA,"2017-06-26",26,6,2017,5285134,5285134,"HUMAN_OBSERVATION","HNS","Biodiversitätsdatenbank Salzburg","1750665","","","","CC_BY_NC_4_0","","ContactID: 155991",NA,"","2026-05-22T05:01:52.905Z","","CONTINENT_DERIVED_FROM_COORDINATES"
5795983787,"857bce66-f762-11e1-a439-00145eb45e9a","https://www.zobodat.at/belege.php?id=103677216","Plantae","Tracheophyta","Pinopsida","Pinales","Pinaceae","Pinus","Pinus cembra",NA,"SPECIES","Pinus cembra L.","Pinus cembra L.","L.","AT","Biotopkartierung Oberösterreich, BID: 200202409180107, PROJNR: 200202, Fläche: 75138 m2","","PRESENT",NA,"2d6e0e40-2aee-11d8-aa2d-b8a03c50a862",47.639316,14.23978,1000,NA,1830,70,NA,NA,"2004-07-20",20,7,2004,5285134,5285134,"HUMAN_OBSERVATION","LI","ZOBODAT","103677216","","Diewald Wolfgang, Schleier Veronika, Sichler Markus","","CC0_1_0","","",NA,"","2026-05-28T22:06:23.072Z","","COORDINATE_ROUNDED;CONTINENT_DERIVED_FROM_COORDINATES"
5919554820,"857bce66-f762-11e1-a439-00145eb45e9a","https://www.zobodat.at/belege.php?id=102506393","Plantae","Tracheophyta","Pinopsida","Pinales","Pinaceae","Pinus","Pinus cembra",NA,"SPECIES","Pinus cembra L.","Pinus cembra L.","L.","AT","Chorinskyklause W Bad Goisern (FKID: 22043)","","PRESENT",NA,"2d6e0e40-2aee-11d8-aa2d-b8a03c50a862",47.675,13.541667,2500,NA,NA,NA,NA,NA,"1987",NA,NA,1987,5285134,5285134,"HUMAN_OBSERVATION","LI","ZOBODAT","102506393","","Adler Wolfgang","","CC0_1_0","","",NA,"","2026-05-28T22:06:27.411Z","","COORDINATE_ROUNDED;CONTINENT_DERIVED_FROM_COORDINATES"
3009283378,"c7730a08-74b4-48cd-80a7-831a19ac660d","E0BA7385-201E-43E4-A0EA-3008BA2ED9E9","Plantae","Tracheophyta","Pinopsida","Pinales","Pinaceae","Pinus","Pinus cembra",NA,"SPECIES","Pinus cembra L.","Pinus cembra L.","L.","AT","Neukirchen/Großvenediger","","PRESENT",NA,"7a070ba0-bafb-11d9-8e53-b8a03c50a862",47.139854,12.268603,111,NA,1740,NA,NA,NA,"2006-09-09",9,9,2006,5285134,5285134,"HUMAN_OBSERVATION","HNS","Biodiversitätsdatenbank Nationalpark Hohe Tauern","473140","","","","CC_BY_NC_4_0","","ContactID: 3579",NA,"","2026-05-28T13:07:22.429Z","","CONTINENT_DERIVED_FROM_COORDINATES"
3009333907,"c7730a08-74b4-48cd-80a7-831a19ac660d","717C5C15-54D6-41FC-82F8-A700C4F309AB","Plantae","Tracheophyta","Pinopsida","Pinales","Pinaceae","Pinus","Pinus cembra",NA,"SPECIES","Pinus cembra L.","Pinus cembra L.","L.","AT","Krimml","","PRESENT",NA,"7a070ba0-bafb-11d9-8e53-b8a03c50a862",47.142759,12.167411,111,NA,1880,NA,NA,NA,"2005-08-03",3,8,2005,5285134,5285134,"HUMAN_OBSERVATION","HNS","Biodiversitätsdatenbank Nationalpark Hohe Tauern","479726","","","","CC_BY_NC_4_0","","ContactID: 3953",NA,"","2026-05-28T13:07:36.373Z","","CONTINENT_DERIVED_FROM_COORDINATES"
4957843435,"8a863029-f435-446a-821e-275f4f641165","https://observation.org/observation/326973671","Plantae","Tracheophyta","Pinopsida","Pinales","Pinaceae","Pinus","Pinus cembra",NA,"SPECIES","Pinus cembra L.","Pinus cembra","","AT","Nockberge - N2000","Kärnten","PRESENT",1,"c8d737e0-2ff8-42e8-b8fc-6b805d26fc5f",46.867981,13.733799,3,NA,NA,NA,NA,NA,"2024-09-04",4,9,2024,5285134,5285134,"HUMAN_OBSERVATION","","","","","","","CC_BY_NC_4_0","Stichting Observation International","User 742954",NA,"","2026-06-02T18:44:29.794Z","StillImage",""
3009318593,"c7730a08-74b4-48cd-80a7-831a19ac660d","45232A35-E3FD-45BF-87A7-EB4D1D5D2D02","Plantae","Tracheophyta","Pinopsida","Pinales","Pinaceae","Pinus","Pinus cembra",NA,"SPECIES","Pinus cembra L.","Pinus cembra L.","L.","AT","Heiligenblut","","PRESENT",NA,"7a070ba0-bafb-11d9-8e53-b8a03c50a862",47.00574,12.773943,111,NA,1940,NA,NA,NA,"2006-08-23",23,8,2006,5285134,5285134,"HUMAN_OBSERVATION","HNS","Biodiversitätsdatenbank Nationalpark Hohe Tauern","460424","","","","CC_BY_NC_4_0","","ContactID: 3682",NA,"","2026-05-28T13:07:31.372Z","","CONTINENT_DERIVED_FROM_COORDINATES"
3011957874,"c1492854-5d15-40e9-9ee7-24a18ac05112","93173394-F957-41F2-9525-EE644E253587","Plantae","Tracheophyta","Pinopsida","Pinales","Pinaceae","Pinus","Pinus cembra",NA,"SPECIES","Pinus cembra L.","Pinus cembra L.","L.","AT","Weißpriach","","PRESENT",NA,"7a070ba0-bafb-11d9-8e53-b8a03c50a862",47.275,13.62502,6000,NA,NA,NA,NA,NA,"1983",NA,NA,1983,5285134,5285134,"HUMAN_OBSERVATION","HNS","Biodiversitätsdatenbank Salzburg","2094752","","","","CC_BY_NC_4_0","","ContactID: 2786",NA,"","2026-05-22T05:02:18.731Z","","CONTINENT_DERIVED_FROM_COORDINATES"
3944632339,"c1492854-5d15-40e9-9ee7-24a18ac05112","6D512922-E896-436F-817C-DAD2885C02F9","Plantae","Tracheophyta","Pinopsida","Pinales","Pinaceae","Pinus","Pinus cembra",NA,"SPECIES","Pinus cembra L.","Pinus cembra L.","L.","AT","Malta","","PRESENT",NA,"7a070ba0-bafb-11d9-8e53-b8a03c50a862",46.98153,13.33121,14,NA,1705,NA,NA,NA,"2021-09-02",2,9,2021,5285134,5285134,"HUMAN_OBSERVATION","HNS","Biodiversitätsdatenbank Salzburg","2669295","","","","CC_BY_NC_4_0","","ContactID: 3682",NA,"","2026-05-22T05:01:55.927Z","","CONTINENT_DERIVED_FROM_COORDINATES"
4535887790,"50c9509d-22c7-4a22-a47d-8c48425ef4a7","https://www.inaturalist.org/observations/170707083","Plantae","Tracheophyta","Pinopsida","Pinales","Pinaceae","Pinus","Pinus cembra",NA,"SPECIES","Pinus cembra L.","Pinus cembra","","AT","","Tirol","PRESENT",NA,"28eb1a3f-1c15-4a95-931a-4af90ecb574d",46.862057,11.01832,NA,NA,NA,NA,NA,NA,"2023-07-02T14:55:10",2,7,2023,5285134,5285134,"HUMAN_OBSERVATION","iNaturalist","Observations","170707083","","anouk99","2023-07-06T11:42:34","CC_BY_NC_4_0","anouk99","anouk99",NA,"","2026-06-06T03:56:23.390Z","StillImage","COORDINATE_ROUNDED;CONTINENT_DERIVED_FROM_COORDINATES;TAXON_ID_NOT_FOUND"
5844454713,"50c9509d-22c7-4a22-a47d-8c48425ef4a7","https://www.inaturalist.org/observations/320671968","Plantae","Tracheophyta","Pinopsida","Pinales","Pinaceae","Pinus","Pinus cembra",NA,"SPECIES","Pinus cembra L.","Pinus cembra","","AT","","Steiermark","PRESENT",NA,"28eb1a3f-1c15-4a95-931a-4af90ecb574d",47.090583,14.56733,20,NA,NA,NA,NA,NA,"2025-10-13T12:52:06",13,10,2025,5285134,5285134,"HUMAN_OBSERVATION","iNaturalist","Observations","320671968","","E. A.","2025-10-13T16:38:53","CC_BY_4_0","E. A.","E. A.",NA,"","2026-06-06T03:51:19.084Z","StillImage","COORDINATE_ROUNDED;CONTINENT_DERIVED_FROM_COORDINATES;TAXON_ID_NOT_FOUND"
5796480508,"857bce66-f762-11e1-a439-00145eb45e9a","https://www.zobodat.at/belege.php?id=103144273","Plantae","Tracheophyta","Pinopsida","Pinales","Pinaceae","Pinus","Pinus cembra",NA,"SPECIES","Pinus cembra L.","Pinus cembra L.","L.","AT","Biotopkartierung Oberösterreich, BID: 200103409210213, PROJNR: 200103, Fläche: 179944 m2","","PRESENT",NA,"2d6e0e40-2aee-11d8-aa2d-b8a03c50a862",47.668258,14.241375,1000,NA,1838.5,214.5,NA,NA,"2002-09-08",8,9,2002,5285134,5285134,"HUMAN_OBSERVATION","LI","ZOBODAT","103144273","","Stöhr Oliver","","CC0_1_0","","",NA,"","2026-05-28T22:06:26.220Z","","COORDINATE_ROUNDED;CONTINENT_DERIVED_FROM_COORDINATES"
5197486768,"8a863029-f435-446a-821e-275f4f641165","https://observation.org/observation/357362512","Plantae","Tracheophyta","Pinopsida","Pinales","Pinaceae","Pinus","Pinus cembra",NA,"SPECIES","Pinus cembra L.","Pinus cembra","","AT","Kaponig","Kärnten","PRESENT",1,"c8d737e0-2ff8-42e8-b8fc-6b805d26fc5f",46.982465,13.176602,NA,NA,NA,NA,NA,NA,"2025-06-18",18,6,2025,5285134,5285134,"HUMAN_OBSERVATION","","","","","","","CC_BY_NC_4_0","Stichting Observation International","User 1079182",NA,"","2026-06-02T18:47:56.786Z","StillImage",""
5216943902,"50c9509d-22c7-4a22-a47d-8c48425ef4a7","https://www.inaturalist.org/observations/291866344","Plantae","Tracheophyta","Pinopsida","Pinales","Pinaceae","Pinus","Pinus cembra",NA,"SPECIES","Pinus cembra L.","Pinus cembra","","AT","","Tirol","PRESENT",NA,"28eb1a3f-1c15-4a95-931a-4af90ecb574d",47.074655,10.761371,8,NA,NA,NA,NA,NA,"2025-06-22T13:58:31",22,6,2025,5285134,5285134,"HUMAN_OBSERVATION","iNaturalist","Observations","291866344","","capepolly","2025-06-22T18:46:35","CC_BY_NC_4_0","capepolly","capepolly",NA,"","2026-06-06T03:50:58.948Z","StillImage","COORDINATE_ROUNDED;CONTINENT_DERIVED_FROM_COORDINATES;TAXON_ID_NOT_FOUND"
5063388340,"50c9509d-22c7-4a22-a47d-8c48425ef4a7","https://www.inaturalist.org/observations/259416317","Plantae","Tracheophyta","Pinopsida","Pinales","Pinaceae","Pinus","Pinus cembra",NA,"SPECIES","Pinus cembra L.","Pinus cembra","","AT","","Vorarlberg","PRESENT",NA,"28eb1a3f-1c15-4a95-931a-4af90ecb574d",47.370425,10.089017,NA,NA,NA,NA,NA,NA,"2018-10-13T18:16",13,10,2018,5285134,5285134,"HUMAN_OBSERVATION","iNaturalist","Observations","259416317","","Herbert Stadelmann","2025-01-24T09:49:14","CC_BY_NC_4_0","Herbert Stadelmann","Herbert Stadelmann",NA,"","2026-06-06T03:41:38.178Z","StillImage","COORDINATE_ROUNDED;CONTINENT_DERIVED_FROM_COORDINATES;TAXON_ID_NOT_FOUND"
6248085598,"c1492854-5d15-40e9-9ee7-24a18ac05112","4D0D5CA8-6764-45DA-AA7C-C28C3B5E8FCD","Plantae","Tracheophyta","Pinopsida","Pinales","Pinaceae","Pinus","Pinus cembra",NA,"SPECIES","Pinus cembra L.","Pinus cembra L.","L.","AT","Tamsweg","","PRESENT",NA,"7a070ba0-bafb-11d9-8e53-b8a03c50a862",47.198946,13.8927,5,NA,1927,NA,NA,NA,"2025-10-12",12,10,2025,5285134,5285134,"HUMAN_OBSERVATION","HNS","Biodiversitätsdatenbank Salzburg","3924660","","","","CC_BY_NC_4_0","","ContactID: 3682",NA,"","2026-05-22T05:02:06.900Z","","CONTINENT_DERIVED_FROM_COORDINATES"
4980492192,"50c9509d-22c7-4a22-a47d-8c48425ef4a7","https://www.inaturalist.org/observations/234563419","Plantae","Tracheophyta","Pinopsida","Pinales","Pinaceae","Pinus","Pinus cembra",NA,"SPECIES","Pinus cembra L.","Pinus cembra","","AT","","Tirol","PRESENT",NA,"28eb1a3f-1c15-4a95-931a-4af90ecb574d",47.185012,11.244869,NA,NA,NA,NA,NA,NA,"2024-08-08T11:11:23",8,8,2024,5285134,5285134,"HUMAN_OBSERVATION","iNaturalist","Observations","234563419","","Oliver Stöhr","2024-08-09T05:51:49","CC_BY_NC_4_0","Andrius Kubilius","Andrius Kubilius",NA,"","2026-06-06T04:00:20.710Z","StillImage","COORDINATE_ROUNDED;CONTINENT_DERIVED_FROM_COORDINATES;TAXON_ID_NOT_FOUND"
3011896587,"c1492854-5d15-40e9-9ee7-24a18ac05112","809C2D36-CC18-4348-8A2E-C23810B046E1","Plantae","Tracheophyta","Pinopsida","Pinales","Pinaceae","Pinus","Pinus cembra",NA,"SPECIES","Pinus cembra L.","Pinus cembra L.","L.","AT","Hüttschlag","","PRESENT",NA,"7a070ba0-bafb-11d9-8e53-b8a03c50a862",47.125,13.29168,6000,NA,NA,NA,NA,NA,"2002",NA,NA,2002,5285134,5285134,"HUMAN_OBSERVATION","HNS","Biodiversitätsdatenbank Salzburg","2122864","","","","CC_BY_NC_4_0","","ContactID: 2786",NA,"","2026-05-22T05:01:50.401Z","","CONTINENT_DERIVED_FROM_COORDINATES"
5795295227,"857bce66-f762-11e1-a439-00145eb45e9a","https://www.zobodat.at/belege.php?id=104133579","Plantae","Tracheophyta","Pinopsida","Pinales","Pinaceae","Pinus","Pinus cembra",NA,"SPECIES","Pinus cembra L.","Pinus cembra L.","L.","AT","Biotopkartierung Oberösterreich, BID: 200815407120031, PROJNR: 200815, Fläche: 919293 m2","","PRESENT",NA,"2d6e0e40-2aee-11d8-aa2d-b8a03c50a862",47.547565,13.753204,1000,NA,1298,269,NA,NA,"2010-06-17",17,6,2010,5285134,5285134,"HUMAN_OBSERVATION","LI","ZOBODAT","104133579","","Diewald Wolfgang, Schleier Veronika","","CC0_1_0","","",NA,"","2026-05-28T22:06:55.841Z","","COORDINATE_ROUNDED;CONTINENT_DERIVED_FROM_COORDINATES"
4423256455,"c1492854-5d15-40e9-9ee7-24a18ac05112","253424B5-1A06-4222-80B8-78CA0145B7E1","Plantae","Tracheophyta","Pinopsida","Pinales","Pinaceae","Pinus","Pinus cembra",NA,"SPECIES","Pinus cembra L.","Pinus cembra L.","L.","AT","Tweng","","PRESENT",NA,"7a070ba0-bafb-11d9-8e53-b8a03c50a862",47.23041,13.58493,13,NA,1844,NA,NA,NA,"2022-10-30",30,10,2022,5285134,5285134,"HUMAN_OBSERVATION","HNS","Biodiversitätsdatenbank Salzburg","2933870","","","","CC_BY_NC_4_0","","ContactID: 3682",NA,"","2026-05-22T05:01:58.490Z","","CONTINENT_DERIVED_FROM_COORDINATES"
5919611687,"857bce66-f762-11e1-a439-00145eb45e9a","https://www.zobodat.at/belege.php?id=102378572","Plantae","Tracheophyta","Pinopsida","Pinales","Pinaceae","Pinus","Pinus cembra",NA,"SPECIES","Pinus cembra L.","Pinus cembra L.","L.","AT","S HT.GOSAUSEE-W ADAMEKHUETTE-BIS FUSS D. EISKARL SP (FKID: 4808) Neuntel: N23-3-63","","PRESENT",NA,"2d6e0e40-2aee-11d8-aa2d-b8a03c50a862",47.488889,13.564722,1206,NA,NA,NA,NA,NA,"1978-08",NA,8,1978,5285134,5285134,"HUMAN_OBSERVATION","LI","ZOBODAT","102378572","","Grims Franz","","CC0_1_0","","",NA,"","2026-05-28T22:06:27.290Z","","COORDINATE_ROUNDED;CONTINENT_DERIVED_FROM_COORDINATES"
5026105294,"6ac3f774-d9fb-4796-b3e9-92bf6c81c084","","Plantae","Tracheophyta","Pinopsida","Pinales","Pinaceae","Pinus","Pinus cembra",NA,"SPECIES","Pinus cembra L.","Pinus cembra","","AT","Gjaid Alm, Dachstein","","PRESENT",NA,"bb646dff-a905-4403-a49b-6d378c2cf0d9",47.519184,13.648386,250,NA,NA,NA,NA,NA,"2010-08-24T00:00",24,8,2010,5285134,5285134,"HUMAN_OBSERVATION","NABU|naturgucker","NABU|naturgucker","867886817","","","","CC_BY_4_0","","1256524760",NA,"","2026-06-04T11:56:37.791Z","StillImage","COORDINATE_ROUNDED;GEODETIC_DATUM_ASSUMED_WGS84;CONTINENT_DERIVED_FROM_COORDINATES"
5902849085,"8a863029-f435-446a-821e-275f4f641165","https://observation.org/observation/367668393","Plantae","Tracheophyta","Pinopsida","Pinales","Pinaceae","Pinus","Pinus cembra",NA,"SPECIES","Pinus cembra L.","Pinus cembra","","AT","Sölden","Tirol","PRESENT",1,"c8d737e0-2ff8-42e8-b8fc-6b805d26fc5f",46.961406,11.025827,NA,NA,NA,NA,NA,NA,"2025-08-09",9,8,2025,5285134,5285134,"HUMAN_OBSERVATION","","","","","","","CC_BY_NC_4_0","Stichting Observation International","User 1130646",NA,"","2026-06-02T18:41:22.386Z","StillImage",""
5795268771,"857bce66-f762-11e1-a439-00145eb45e9a","https://www.zobodat.at/belege.php?id=103159655","Plantae","Tracheophyta","Pinopsida","Pinales","Pinaceae","Pinus","Pinus cembra",NA,"SPECIES","Pinus cembra L.","Pinus cembra L.","L.","AT","Biotopkartierung Oberösterreich, BID: 200202409180919, PROJNR: 200202, Fläche: 84397 m2","","PRESENT",NA,"2d6e0e40-2aee-11d8-aa2d-b8a03c50a862",47.660085,14.290584,1000,NA,1555,95,NA,NA,"2003-09-03",3,9,2003,5285134,5285134,"HUMAN_OBSERVATION","LI","ZOBODAT","103159655","","Diewald Wolfgang","","CC0_1_0","","",NA,"","2026-05-28T22:06:18.861Z","","COORDINATE_ROUNDED;CONTINENT_DERIVED_FROM_COORDINATES"
4920758358,"c1492854-5d15-40e9-9ee7-24a18ac05112","26800488-41B1-47C5-AB8F-3448D2E65553","Plantae","Tracheophyta","Pinopsida","Pinales","Pinaceae","Pinus","Pinus cembra",NA,"SPECIES","Pinus cembra L.","Pinus cembra L.","L.","AT","Thomatal","","PRESENT",NA,"7a070ba0-bafb-11d9-8e53-b8a03c50a862",46.97885,13.77382,4,NA,1725,NA,NA,NA,"2023-09-05",5,9,2023,5285134,5285134,"HUMAN_OBSERVATION","HNS","Biodiversitätsdatenbank Salzburg","3230200","","","","CC_BY_NC_4_0","","ContactID: 3682",NA,"","2026-05-22T05:02:21.906Z","","CONTINENT_DERIVED_FROM_COORDINATES"
5795625400,"857bce66-f762-11e1-a439-00145eb45e9a","https://www.zobodat.at/belege.php?id=103552986","Plantae","Tracheophyta","Pinopsida","Pinales","Pinaceae","Pinus","Pinus cembra",NA,"SPECIES","Pinus cembra L.","Pinus cembra L.","L.","AT","Biotopkartierung Oberösterreich, BID: 200814407090220, PROJNR: 200814, Fläche: 84337 m2","","PRESENT",NA,"2d6e0e40-2aee-11d8-aa2d-b8a03c50a862",47.540882,13.590249,1000,NA,1207.5,237.5,NA,NA,"2009-08-12",12,8,2009,5285134,5285134,"HUMAN_OBSERVATION","LI","ZOBODAT","103552986","","Kaiser Roland, Eberl Thomas","","CC0_1_0","","",NA,"","2026-05-28T22:06:31.601Z","","COORDINATE_ROUNDED;CONTINENT_DERIVED_FROM_COORDINATES"
5796531174,"857bce66-f762-11e1-a439-00145eb45e9a","https://www.zobodat.at/belege.php?id=102744599","Plantae","Tracheophyta","Pinopsida","Pinales","Pinaceae","Pinus","Pinus cembra",NA,"SPECIES","Pinus cembra L.","Pinus cembra L.","L.","AT","Biotopkartierung Oberösterreich, BID: 200410407060899, PROJNR: 200410, Fläche: 670543 m2","","PRESENT",NA,"2d6e0e40-2aee-11d8-aa2d-b8a03c50a862",47.493764,13.56196,1000,NA,1607.5,382.5,NA,NA,"2006-07-27",27,7,2006,5285134,5285134,"HUMAN_OBSERVATION","LI","ZOBODAT","102744599","","Diewald Wolfgang","","CC0_1_0","","",NA,"","2026-05-28T22:06:25.928Z","","COORDINATE_ROUNDED;CONTINENT_DERIVED_FROM_COORDINATES"
5760762602,"50c9509d-22c7-4a22-a47d-8c48425ef4a7","https://www.inaturalist.org/observations/308733730","Plantae","Tracheophyta","Pinopsida","Pinales","Pinaceae","Pinus","Pinus cembra",NA,"SPECIES","Pinus cembra L.","Pinus cembra","","AT","","Tirol","PRESENT",NA,"28eb1a3f-1c15-4a95-931a-4af90ecb574d",47.122681,12.073854,NA,NA,NA,NA,NA,NA,"2025-08-24T13:58:54",24,8,2025,5285134,5285134,"HUMAN_OBSERVATION","iNaturalist","Observations","308733730","","Herbert Bacher","2025-08-24T15:26:39","CC_BY_NC_4_0","Herbert Bacher","Herbert Bacher",NA,"","2026-06-06T03:51:31.883Z","StillImage","COORDINATE_ROUNDED;CONTINENT_DERIVED_FROM_COORDINATES;TAXON_ID_NOT_FOUND"
4413734836,"50c9509d-22c7-4a22-a47d-8c48425ef4a7","https://www.inaturalist.org/observations/183080453","Plantae","Tracheophyta","Pinopsida","Pinales","Pinaceae","Pinus","Pinus cembra",NA,"SPECIES","Pinus cembra L.","Pinus cembra","","AT","","Tirol","PRESENT",NA,"28eb1a3f-1c15-4a95-931a-4af90ecb574d",47.033017,11.609057,2,NA,NA,NA,NA,NA,"2023-09-10T11:14",10,9,2023,5285134,5285134,"HUMAN_OBSERVATION","iNaturalist","Observations","183080453","","Wolfgang Bacher","2023-09-13T14:08:34","CC0_1_0","Wolfgang Bacher","Wolfgang Bacher",NA,"","2026-06-06T03:55:37.481Z","StillImage","COORDINATE_ROUNDED;CONTINENT_DERIVED_FROM_COORDINATES;TAXON_ID_NOT_FOUND"
5796029119,"857bce66-f762-11e1-a439-00145eb45e9a","https://www.zobodat.at/belege.php?id=103738817","Plantae","Tracheophyta","Pinopsida","Pinales","Pinaceae","Pinus","Pinus cembra",NA,"SPECIES","Pinus cembra L.","Pinus cembra L.","L.","AT","Biotopkartierung Oberösterreich, BID: 200410407060371, PROJNR: 200410, Fläche: 32960 m2","","PRESENT",NA,"2d6e0e40-2aee-11d8-aa2d-b8a03c50a862",47.537941,13.546327,1000,NA,1610,95,NA,NA,"2005-07-20",20,7,2005,5285134,5285134,"HUMAN_OBSERVATION","LI","ZOBODAT","103738817","","Merschel Marco","","CC0_1_0","","",NA,"","2026-05-28T22:06:23.291Z","","COORDINATE_ROUNDED;CONTINENT_DERIVED_FROM_COORDINATES"
2868270014,"50c9509d-22c7-4a22-a47d-8c48425ef4a7","https://www.inaturalist.org/observations/60223969","Plantae","Tracheophyta","Pinopsida","Pinales","Pinaceae","Pinus","Pinus cembra",NA,"SPECIES","Pinus cembra L.","Pinus cembra","","AT","","Tirol","PRESENT",NA,"28eb1a3f-1c15-4a95-931a-4af90ecb574d",46.892082,12.203012,90,NA,NA,NA,NA,NA,"2020-09-19T15:02:03",19,9,2020,5285134,5285134,"HUMAN_OBSERVATION","iNaturalist","Observations","60223969","","Giovanni Carraro","2020-09-20T18:54:54","CC_BY_NC_4_0","Giovanni Carraro","Giovanni Carraro",NA,"","2026-06-06T04:03:02.603Z","StillImage","COORDINATE_ROUNDED;COUNTRY_DERIVED_FROM_COORDINATES;CONTINENT_DERIVED_FROM_COORDINATES;TAXON_ID_NOT_FOUND"
3944447753,"c7730a08-74b4-48cd-80a7-831a19ac660d","7BA44881-80EF-4927-B6A1-632EAAEB0437","Plantae","Tracheophyta","Pinopsida","Pinales","Pinaceae","Pinus","Pinus cembra",NA,"SPECIES","Pinus cembra L.","Pinus cembra L.","L.","AT","Matrei in Osttirol","","PRESENT",NA,"7a070ba0-bafb-11d9-8e53-b8a03c50a862",47.125991,12.442206,100,NA,1916,NA,NA,NA,"2020-09-04",4,9,2020,5285134,5285134,"HUMAN_OBSERVATION","HNS","Biodiversitätsdatenbank Nationalpark Hohe Tauern","2764578","","","","CC_BY_NC_4_0","","ContactID: 5181",NA,"","2026-05-28T13:08:07.998Z","","CONTINENT_DERIVED_FROM_COORDINATES"
3115060708,"c1492854-5d15-40e9-9ee7-24a18ac05112","14194E7B-ED58-4DBF-8B07-30B7B0FD16BA","Plantae","Tracheophyta","Pinopsida","Pinales","Pinaceae","Pinus","Pinus cembra",NA,"SPECIES","Pinus cembra L.","Pinus cembra L.","L.","AT","Lessach","","PRESENT",NA,"7a070ba0-bafb-11d9-8e53-b8a03c50a862",47.25344,13.8378,32,NA,1802,NA,NA,NA,"1983-08-18",18,8,1983,5285134,5285134,"HUMAN_OBSERVATION","HNS","Biodiversitätsdatenbank Salzburg","2472887","","","","CC_BY_NC_4_0","","ContactID: 3682",NA,"","2026-05-22T05:02:17.682Z","","CONTINENT_DERIVED_FROM_COORDINATES"
5796076773,"857bce66-f762-11e1-a439-00145eb45e9a","https://www.zobodat.at/belege.php?id=102671850","Plantae","Tracheophyta","Pinopsida","Pinales","Pinaceae","Pinus","Pinus cembra",NA,"SPECIES","Pinus cembra L.","Pinus cembra L.","L.","AT","Biotopkartierung Oberösterreich, BID: 200814407090165, PROJNR: 200814, Fläche: 58653 m2","","PRESENT",NA,"2d6e0e40-2aee-11d8-aa2d-b8a03c50a862",47.526404,13.600999,1000,NA,1732.5,63.5,NA,NA,"2009-08-05",5,8,2009,5285134,5285134,"HUMAN_OBSERVATION","LI","ZOBODAT","102671850","","Schleier Veronika, Diewald Wolfgang","","CC0_1_0","","",NA,"","2026-05-28T22:06:23.585Z","","COORDINATE_ROUNDED;CONTINENT_DERIVED_FROM_COORDINATES"
3009259454,"c7730a08-74b4-48cd-80a7-831a19ac660d","9F4C9522-42F4-4024-AE63-CC05CF4A0FC0","Plantae","Tracheophyta","Pinopsida","Pinales","Pinaceae","Pinus","Pinus cembra",NA,"SPECIES","Pinus cembra L.","Pinus cembra L.","L.","AT","Krimml","","PRESENT",NA,"7a070ba0-bafb-11d9-8e53-b8a03c50a862",47.134457,12.189979,111,NA,1620,NA,NA,NA,"2005-07-24",24,7,2005,5285134,5285134,"HUMAN_OBSERVATION","HNS","Biodiversitätsdatenbank Nationalpark Hohe Tauern","448742","","","","CC_BY_NC_4_0","","ContactID: 3579",NA,"","2026-05-28T13:07:14.873Z","","CONTINENT_DERIVED_FROM_COORDINATES"
5897803725,"50c9509d-22c7-4a22-a47d-8c48425ef4a7","https://www.inaturalist.org/observations/326972484","Plantae","Tracheophyta","Pinopsida","Pinales","Pinaceae","Pinus","Pinus cembra",NA,"SPECIES","Pinus cembra L.","Pinus cembra","","AT","","Tirol","PRESENT",NA,"28eb1a3f-1c15-4a95-931a-4af90ecb574d",47.237309,11.177786,3,NA,NA,NA,NA,NA,"2025-11-08T13:27",8,11,2025,5285134,5285134,"HUMAN_OBSERVATION","iNaturalist","Observations","326972484","","Jens Bokelaar","2025-11-17T15:38:22","CC_BY_4_0","Jens Bokelaar","Jens Bokelaar",NA,"","2026-06-06T03:43:39.357Z","StillImage","COORDINATE_ROUNDED;CONTINENT_DERIVED_FROM_COORDINATES;TAXON_ID_NOT_FOUND"
5935210205,"50c9509d-22c7-4a22-a47d-8c48425ef4a7","https://www.inaturalist.org/observations/314843334","Plantae","Tracheophyta","Pinopsida","Pinales","Pinaceae","Pinus","Pinus cembra",NA,"SPECIES","Pinus cembra L.","Pinus cembra","","AT","","Tirol","PRESENT",NA,"28eb1a3f-1c15-4a95-931a-4af90ecb574d",47.3257,11.473707,NA,NA,NA,NA,NA,NA,"2025-09-18T15:21:34",18,9,2025,5285134,5285134,"HUMAN_OBSERVATION","iNaturalist","Observations","314843334","","Herbert Bacher","2025-09-18T18:12:07","CC_BY_NC_4_0","Herbert Bacher","Herbert Bacher",NA,"","2026-06-06T03:43:37.923Z","StillImage","COORDINATE_ROUNDED;CONTINENT_DERIVED_FROM_COORDINATES;TAXON_ID_NOT_FOUND"
5901608485,"8a863029-f435-446a-821e-275f4f641165","https://observation.org/observation/362328746","Plantae","Tracheophyta","Pinopsida","Pinales","Pinaceae","Pinus","Pinus cembra",NA,"SPECIES","Pinus cembra L.","Pinus cembra","","AT","Längenfeld (Gemeinde)","Tirol","PRESENT",1,"c8d737e0-2ff8-42e8-b8fc-6b805d26fc5f",47.061463,11.028585,NA,NA,NA,NA,NA,NA,"2025-07-10",10,7,2025,5285134,5285134,"HUMAN_OBSERVATION","","","","","","","CC_BY_NC_4_0","Stichting Observation International","User 956109",NA,"","2026-06-02T18:32:13.559Z","StillImage",""
3944456354,"c7730a08-74b4-48cd-80a7-831a19ac660d","31963376-B83D-4138-9526-E8ECDE607FDB","Plantae","Tracheophyta","Pinopsida","Pinales","Pinaceae","Pinus","Pinus cembra",NA,"SPECIES","Pinus cembra L.","Pinus cembra L.","L.","AT","Matrei in Osttirol","","PRESENT",NA,"7a070ba0-bafb-11d9-8e53-b8a03c50a862",47.12661,12.455173,100,NA,1764,NA,NA,NA,"2020-09-05",5,9,2020,5285134,5285134,"HUMAN_OBSERVATION","HNS","Biodiversitätsdatenbank Nationalpark Hohe Tauern","2764509","","","","CC_BY_NC_4_0","","ContactID: 5181",NA,"","2026-05-28T13:08:08.571Z","","CONTINENT_DERIVED_FROM_COORDINATES"
1848989260,"7f5260c2-f762-11e1-a439-00145eb45e9a","https://w.jacq.org/W20090002928","Plantae","Tracheophyta","Pinopsida","Pinales","Pinaceae","Pinus","Pinus cembra",NA,"SPECIES","Pinus cembra L.","Pinus cembra L.","L.","AT","St. [Steiermark], Neubergsee S Kainisch","","PRESENT",NA,"4e11d750-bafb-11d9-8e53-b8a03c50a862",47.51639,13.83,NA,NA,NA,NA,NA,NA,"2008-08-28",28,8,2008,5285134,5285134,"PRESERVED_SPECIMEN","W","Herbarium W","2009-0002928","4802","Drozdowski & Mrkvicka","","CC_BY_4_0","","Drozdowski,I. & Mrkvicka,A.C. 4802",NA,"","2026-06-10T10:55:22.624Z","","CONTINENT_DERIVED_FROM_COORDINATES;INSTITUTION_MATCH_FUZZY;COLLECTION_MATCH_FUZZY;SCIENTIFIC_NAME_ID_NOT_FOUND"
4980555407,"50c9509d-22c7-4a22-a47d-8c48425ef4a7","https://www.inaturalist.org/observations/247146595","Plantae","Tracheophyta","Pinopsida","Pinales","Pinaceae","Pinus","Pinus cembra",NA,"SPECIES","Pinus cembra L.","Pinus cembra","","AT","","Tirol","PRESENT",NA,"28eb1a3f-1c15-4a95-931a-4af90ecb574d",47.136554,11.880603,24,NA,NA,NA,NA,NA,"2024-10-13T12:02:49",13,10,2024,5285134,5285134,"HUMAN_OBSERVATION","iNaturalist","Observations","247146595","","Peter Gabler","2024-10-13T16:50:33","CC0_1_0","Peter Gabler","Peter Gabler",NA,"","2026-06-06T04:05:46.771Z","StillImage","COORDINATE_ROUNDED;CONTINENT_DERIVED_FROM_COORDINATES;TAXON_ID_NOT_FOUND"
5795092360,"857bce66-f762-11e1-a439-00145eb45e9a","https://www.zobodat.at/belege.php?id=103412588","Plantae","Tracheophyta","Pinopsida","Pinales","Pinaceae","Pinus","Pinus cembra",NA,"SPECIES","Pinus cembra L.","Pinus cembra L.","L.","AT","Biotopkartierung Oberösterreich, BID: 200814407090205, PROJNR: 200814, Fläche: 56565 m2","","PRESENT",NA,"2d6e0e40-2aee-11d8-aa2d-b8a03c50a862",47.531552,13.624824,1000,NA,1758,160,NA,NA,"2009-07-17",17,7,2009,5285134,5285134,"HUMAN_OBSERVATION","LI","ZOBODAT","103412588","","Eberl Thomas","","CC0_1_0","","",NA,"","2026-05-28T22:06:25.555Z","","COORDINATE_ROUNDED;CONTINENT_DERIVED_FROM_COORDINATES"
5027678167,"6ac3f774-d9fb-4796-b3e9-92bf6c81c084","","Plantae","Tracheophyta","Pinopsida","Pinales","Pinaceae","Pinus","Pinus cembra",NA,"SPECIES","Pinus cembra L.","Pinus cembra","","AT","UTM25_33T_0300_5175","","PRESENT",NA,"bb646dff-a905-4403-a49b-6d378c2cf0d9",46.716602,12.403147,25,NA,NA,NA,NA,NA,"2021-09-05T00:00",5,9,2021,5285134,5285134,"HUMAN_OBSERVATION","NABU|naturgucker","NABU|naturgucker","-794118958","","","","CC_BY_4_0","","-1473001554",NA,"","2026-06-04T11:57:37.773Z","StillImage","COORDINATE_ROUNDED;GEODETIC_DATUM_ASSUMED_WGS84;CONTINENT_DERIVED_FROM_COORDINATES"
3011977795,"c1492854-5d15-40e9-9ee7-24a18ac05112","9A96E952-1933-407A-9BC6-B04D7F4D8213","Plantae","Tracheophyta","Pinopsida","Pinales","Pinaceae","Pinus","Pinus cembra",NA,"SPECIES","Pinus cembra L.","Pinus cembra L.","L.","AT","Thomatal","","PRESENT",NA,"7a070ba0-bafb-11d9-8e53-b8a03c50a862",46.9803,13.77337,25,NA,1767,NA,NA,NA,"2020-06-11",11,6,2020,5285134,5285134,"HUMAN_OBSERVATION","HNS","Biodiversitätsdatenbank Salzburg","2434303","","","","CC_BY_NC_4_0","","ContactID: 158572",NA,"","2026-05-22T05:02:32.614Z","","CONTINENT_DERIVED_FROM_COORDINATES"
4423167137,"c1492854-5d15-40e9-9ee7-24a18ac05112","9AB01E34-A40D-4249-B117-11BF3996278D","Plantae","Tracheophyta","Pinopsida","Pinales","Pinaceae","Pinus","Pinus cembra",NA,"SPECIES","Pinus cembra L.","Pinus cembra L.","L.","AT","Hippach","","PRESENT",NA,"7a070ba0-bafb-11d9-8e53-b8a03c50a862",47.2193,11.81041,4,NA,1829,NA,NA,NA,"2023-06-16",16,6,2023,5285134,5285134,"HUMAN_OBSERVATION","HNS","Biodiversitätsdatenbank Salzburg","3129991","","","","CC_BY_NC_4_0","","ContactID: 2786",NA,"","2026-05-22T05:02:19.593Z","","CONTINENT_DERIVED_FROM_COORDINATES"
3009370135,"c7730a08-74b4-48cd-80a7-831a19ac660d","F3C2F94A-D41C-4714-8DCD-21E10A3FAC17","Plantae","Tracheophyta","Pinopsida","Pinales","Pinaceae","Pinus","Pinus cembra",NA,"SPECIES","Pinus cembra L.","Pinus cembra L.","L.","AT","Nußdorf-Debant","","PRESENT",NA,"7a070ba0-bafb-11d9-8e53-b8a03c50a862",46.93079,12.766909,111,NA,2020,NA,NA,NA,"2005-07-06",6,7,2005,5285134,5285134,"HUMAN_OBSERVATION","HNS","Biodiversitätsdatenbank Nationalpark Hohe Tauern","439978","","","","CC_BY_NC_4_0","","ContactID: 3682",NA,"","2026-05-28T13:07:48.720Z","","CONTINENT_DERIVED_FROM_COORDINATES"
5826817768,"c7730a08-74b4-48cd-80a7-831a19ac660d","D3B98D5C-3290-4643-B27F-A3B04EA1D978","Plantae","Tracheophyta","Pinopsida","Pinales","Pinaceae","Pinus","Pinus cembra",NA,"SPECIES","Pinus cembra L.","Pinus cembra L.","L.","AT","Neukirchen am Großvenediger","","PRESENT",NA,"7a070ba0-bafb-11d9-8e53-b8a03c50a862",47.183806,12.307917,NA,NA,NA,NA,NA,NA,"2021-07-27",27,7,2021,5285134,5285134,"HUMAN_OBSERVATION","HNS","Biodiversitätsdatenbank Nationalpark Hohe Tauern","3696429","","","","CC_BY_NC_4_0","","ContactID: 159291",NA,"","2026-05-28T13:08:23.258Z","","CONTINENT_DERIVED_FROM_COORDINATES"
6248200682,"c1492854-5d15-40e9-9ee7-24a18ac05112","CC89DB0A-7140-4E98-816A-D636C6217863","Plantae","Tracheophyta","Pinopsida","Pinales","Pinaceae","Pinus","Pinus cembra",NA,"SPECIES","Pinus cembra L.","Pinus cembra L.","L.","AT","Finkenberg","","PRESENT",NA,"7a070ba0-bafb-11d9-8e53-b8a03c50a862",47.175078,11.785413,999,NA,NA,NA,NA,NA,"2025-08-04",4,8,2025,5285134,5285134,"HUMAN_OBSERVATION","HNS","Biodiversitätsdatenbank Salzburg","3975544","","","","CC_BY_NC_4_0","","ContactID: 2786",NA,"","2026-05-22T05:02:07.256Z","","CONTINENT_DERIVED_FROM_COORDINATES"
5827047512,"c1492854-5d15-40e9-9ee7-24a18ac05112","93656CB4-C435-47DA-8305-B8A45EF2B74C","Plantae","Tracheophyta","Pinopsida","Pinales","Pinaceae","Pinus","Pinus cembra",NA,"SPECIES","Pinus cembra L.","Pinus cembra L.","L.","AT","Kaunertal","","PRESENT",NA,"7a070ba0-bafb-11d9-8e53-b8a03c50a862",46.93034,10.729725,25,NA,2042,NA,NA,NA,"2020-08-13",13,8,2020,5285134,5285134,"HUMAN_OBSERVATION","HNS","Biodiversitätsdatenbank Salzburg","3475358","","","","CC_BY_NC_4_0","","ContactID: 2786",NA,"","2026-05-22T05:02:33.136Z","","CONTINENT_DERIVED_FROM_COORDINATES"
5796121242,"857bce66-f762-11e1-a439-00145eb45e9a","https://www.zobodat.at/belege.php?id=103103280","Plantae","Tracheophyta","Pinopsida","Pinales","Pinaceae","Pinus","Pinus cembra",NA,"SPECIES","Pinus cembra L.","Pinus cembra L.","L.","AT","Biotopkartierung Oberösterreich, BID: 200202409180839, PROJNR: 200202, Fläche: 23082 m2","","PRESENT",NA,"2d6e0e40-2aee-11d8-aa2d-b8a03c50a862",47.628516,14.235608,1000,NA,1930,30,NA,NA,"2004-07-22",22,7,2004,5285134,5285134,"HUMAN_OBSERVATION","LI","ZOBODAT","103103280","","Diewald Wolfgang, Merschel Marco","","CC0_1_0","","",NA,"","2026-05-28T22:07:29.574Z","","COORDINATE_ROUNDED;CONTINENT_DERIVED_FROM_COORDINATES"
5826967089,"c1492854-5d15-40e9-9ee7-24a18ac05112","93818EF5-E794-48E5-815F-2551BCB73841","Plantae","Tracheophyta","Pinopsida","Pinales","Pinaceae","Pinus","Pinus cembra",NA,"SPECIES","Pinus cembra L.","Pinus cembra L.","L.","AT","Reichenau","","PRESENT",NA,"7a070ba0-bafb-11d9-8e53-b8a03c50a862",46.916841,13.864145,3,NA,1982,NA,NA,NA,"2024-07-24",24,7,2024,5285134,5285134,"HUMAN_OBSERVATION","HNS","Biodiversitätsdatenbank Salzburg","3578524","","","","CC_BY_NC_4_0","","ContactID: 2786",NA,"","2026-05-22T05:02:40.639Z","","CONTINENT_DERIVED_FROM_COORDINATES"
5796215585,"857bce66-f762-11e1-a439-00145eb45e9a","https://www.zobodat.at/belege.php?id=104032410","Plantae","Tracheophyta","Pinopsida","Pinales","Pinaceae","Pinus","Pinus cembra",NA,"SPECIES","Pinus cembra L.","Pinus cembra L.","L.","AT","Biotopkartierung Oberösterreich, BID: 200202409180908, PROJNR: 200202, Fläche: 51380 m2","","PRESENT",NA,"2d6e0e40-2aee-11d8-aa2d-b8a03c50a862",47.660371,14.285107,1000,NA,1595,95,NA,NA,"2003-08-15",15,8,2003,5285134,5285134,"HUMAN_OBSERVATION","LI","ZOBODAT","104032410","","Diewald Wolfgang","","CC0_1_0","","",NA,"","2026-05-28T22:07:00.785Z","","COORDINATE_ROUNDED;CONTINENT_DERIVED_FROM_COORDINATES"
6247971571,"c1492854-5d15-40e9-9ee7-24a18ac05112","B51C2ADD-BA7F-45B0-AF9E-F33480BAE5B6","Plantae","Tracheophyta","Pinopsida","Pinales","Pinaceae","Pinus","Pinus cembra",NA,"SPECIES","Pinus cembra L.","Pinus cembra L.","L.","AT","Fiss","","PRESENT",NA,"7a070ba0-bafb-11d9-8e53-b8a03c50a862",47.089005,10.575138,14,NA,1853,NA,NA,NA,"2025-09-01",1,9,2025,5285134,5285134,"HUMAN_OBSERVATION","HNS","Biodiversitätsdatenbank Salzburg","3972960","","","","CC_BY_NC_4_0","","ContactID: 2786",NA,"","2026-05-22T05:02:06.796Z","","CONTINENT_DERIVED_FROM_COORDINATES"
3009260741,"c7730a08-74b4-48cd-80a7-831a19ac660d","A99CD0D3-E7F1-4B43-8A34-DD3CDC493759","Plantae","Tracheophyta","Pinopsida","Pinales","Pinaceae","Pinus","Pinus cembra",NA,"SPECIES","Pinus cembra L.","Pinus cembra L.","L.","AT","Hüttschlag","","PRESENT",NA,"7a070ba0-bafb-11d9-8e53-b8a03c50a862",47.12565,13.262963,111,NA,1950,NA,NA,NA,"2006-09-15",15,9,2006,5285134,5285134,"HUMAN_OBSERVATION","HNS","Biodiversitätsdatenbank Nationalpark Hohe Tauern","463539","","","","CC_BY_NC_4_0","","ContactID: 3745",NA,"","2026-05-28T13:07:15.052Z","","CONTINENT_DERIVED_FROM_COORDINATES"
5230274650,"50c9509d-22c7-4a22-a47d-8c48425ef4a7","https://www.inaturalist.org/observations/274673023","Plantae","Tracheophyta","Pinopsida","Pinales","Pinaceae","Pinus","Pinus cembra",NA,"SPECIES","Pinus cembra L.","Pinus cembra","","AT","","Salzburg","PRESENT",NA,"28eb1a3f-1c15-4a95-931a-4af90ecb574d",47.385856,13.205135,17,NA,NA,NA,NA,NA,"2025-04-27T15:58:24",27,4,2025,5285134,5285134,"HUMAN_OBSERVATION","iNaturalist","Observations","274673023","","michael_fritzenwanker","2025-04-27T13:58:59","CC_BY_NC_4_0","michael_fritzenwanker","michael_fritzenwanker",NA,"","2026-06-06T03:52:01.602Z","StillImage","COORDINATE_ROUNDED;CONTINENT_DERIVED_FROM_COORDINATES;TAXON_ID_NOT_FOUND"
4103333538,"50c9509d-22c7-4a22-a47d-8c48425ef4a7","https://www.inaturalist.org/observations/157768886","Plantae","Tracheophyta","Pinopsida","Pinales","Pinaceae","Pinus","Pinus cembra",NA,"SPECIES","Pinus cembra L.","Pinus cembra","","AT","","Steiermark","PRESENT",NA,"28eb1a3f-1c15-4a95-931a-4af90ecb574d",47.071633,14.138466,301,NA,NA,NA,NA,NA,"2022-09-24T13:27:58",24,9,2022,5285134,5285134,"HUMAN_OBSERVATION","iNaturalist","Observations","157768886","","raphael_kraus","2023-04-29T20:31:36","CC_BY_NC_4_0","raphael_kraus","raphael_kraus",NA,"","2026-06-06T04:02:22.185Z","StillImage","COORDINATE_ROUNDED;CONTINENT_DERIVED_FROM_COORDINATES;TAXON_ID_NOT_FOUND"
5795218997,"857bce66-f762-11e1-a439-00145eb45e9a","https://www.zobodat.at/belege.php?id=103541212","Plantae","Tracheophyta","Pinopsida","Pinales","Pinaceae","Pinus","Pinus cembra",NA,"SPECIES","Pinus cembra L.","Pinus cembra L.","L.","AT","Biotopkartierung Oberösterreich, BID: 200815407120229, PROJNR: 200815, Fläche: 101383 m2","","PRESENT",NA,"2d6e0e40-2aee-11d8-aa2d-b8a03c50a862",47.524036,13.653743,1000,NA,1744,65,NA,NA,"2010-08-10",10,8,2010,5285134,5285134,"HUMAN_OBSERVATION","LI","ZOBODAT","103541212","","Eberl Thomas, Kaiser Roland","","CC0_1_0","","",NA,"","2026-05-28T22:06:18.922Z","","COORDINATE_ROUNDED;CONTINENT_DERIVED_FROM_COORDINATES"
6248142406,"c1492854-5d15-40e9-9ee7-24a18ac05112","2FD3F45C-9D6E-4893-9AD2-8D2B475BDDCE","Plantae","Tracheophyta","Pinopsida","Pinales","Pinaceae","Pinus","Pinus cembra",NA,"SPECIES","Pinus cembra L.","Pinus cembra L.","L.","AT","Hippach","","PRESENT",NA,"7a070ba0-bafb-11d9-8e53-b8a03c50a862",47.243635,11.816734,14,NA,2002,NA,NA,NA,"2025-08-07",7,8,2025,5285134,5285134,"HUMAN_OBSERVATION","HNS","Biodiversitätsdatenbank Salzburg","3914871","","","","CC_BY_NC_4_0","","ContactID: 4480",NA,"","2026-05-22T05:02:27.421Z","","CONTINENT_DERIVED_FROM_COORDINATES"
5796421352,"857bce66-f762-11e1-a439-00145eb45e9a","https://www.zobodat.at/belege.php?id=103614774","Plantae","Tracheophyta","Pinopsida","Pinales","Pinaceae","Pinus","Pinus cembra",NA,"SPECIES","Pinus cembra L.","Pinus cembra L.","L.","AT","Biotopkartierung Oberösterreich, BID: 200102409030449, PROJNR: 200102, Fläche: 762865 m2","","PRESENT",NA,"2d6e0e40-2aee-11d8-aa2d-b8a03c50a862",47.631179,14.109863,1000,NA,1560,340,NA,NA,"2003-07-24",24,7,2003,5285134,5285134,"HUMAN_OBSERVATION","LI","ZOBODAT","103614774","","Grass Viktoria, Petschacher Ulrike","","CC0_1_0","","",NA,"","2026-05-28T22:07:32.113Z","","COORDINATE_ROUNDED;CONTINENT_DERIVED_FROM_COORDINATES"
5796425033,"857bce66-f762-11e1-a439-00145eb45e9a","https://www.zobodat.at/belege.php?id=104236223","Plantae","Tracheophyta","Pinopsida","Pinales","Pinaceae","Pinus","Pinus cembra",NA,"SPECIES","Pinus cembra L.","Pinus cembra L.","L.","AT","Biotopkartierung Oberösterreich, BID: 200410407060297, PROJNR: 200410, Fläche: 62770 m2","","PRESENT",NA,"2d6e0e40-2aee-11d8-aa2d-b8a03c50a862",47.551534,13.570404,1000,NA,1455,65,NA,NA,"2005-08-19",19,8,2005,5285134,5285134,"HUMAN_OBSERVATION","LI","ZOBODAT","104236223","","Schleier Veronika","","CC0_1_0","","",NA,"","2026-05-28T22:06:34.813Z","","COORDINATE_ROUNDED;CONTINENT_DERIVED_FROM_COORDINATES"
5230377472,"50c9509d-22c7-4a22-a47d-8c48425ef4a7","https://www.inaturalist.org/observations/223939452","Plantae","Tracheophyta","Pinopsida","Pinales","Pinaceae","Pinus","Pinus cembra",NA,"SPECIES","Pinus cembra L.","Pinus cembra","","AT","","Salzburg","PRESENT",NA,"28eb1a3f-1c15-4a95-931a-4af90ecb574d",47.178875,12.626504,2700,NA,NA,NA,NA,NA,"2024-06-20T11:27:17",20,6,2024,5285134,5285134,"HUMAN_OBSERVATION","iNaturalist","Observations","223939452","","Bernd","2024-06-20T09:27:38","CC_BY_NC_4_0","Bernd","Bernd",NA,"","2026-06-06T03:51:04.109Z","StillImage","COORDINATE_ROUNDED;CONTINENT_DERIVED_FROM_COORDINATES;TAXON_ID_NOT_FOUND"
3009235046,"c7730a08-74b4-48cd-80a7-831a19ac660d","5456F544-731D-4FF7-9E1C-ED54C84BE834","Plantae","Tracheophyta","Pinopsida","Pinales","Pinaceae","Pinus","Pinus cembra",NA,"SPECIES","Pinus cembra L.","Pinus cembra L.","L.","AT","Krimml","","PRESENT",NA,"7a070ba0-bafb-11d9-8e53-b8a03c50a862",47.140484,12.177741,111,NA,1835,NA,NA,NA,"2005-08-01",1,8,2005,5285134,5285134,"HUMAN_OBSERVATION","HNS","Biodiversitätsdatenbank Nationalpark Hohe Tauern","446029","","","","CC_BY_NC_4_0","","ContactID: 3953",NA,"","2026-05-28T13:07:06.077Z","","CONTINENT_DERIVED_FROM_COORDINATES"
4974677073,"c7730a08-74b4-48cd-80a7-831a19ac660d","00CBEE2D-8447-461F-965F-973749514841","Plantae","Tracheophyta","Pinopsida","Pinales","Pinaceae","Pinus","Pinus cembra",NA,"SPECIES","Pinus cembra L.","Pinus cembra L.","L.","AT","Malta","","PRESENT",NA,"7a070ba0-bafb-11d9-8e53-b8a03c50a862",47.049604,13.290349,300,NA,2000,NA,NA,NA,"2022-07-29",29,7,2022,5285134,5285134,"HUMAN_OBSERVATION","HNS","Biodiversitätsdatenbank Nationalpark Hohe Tauern","3180692","","","","CC_BY_NC_4_0","","ContactID: 156052",NA,"","2026-05-28T13:08:20.321Z","","CONTINENT_DERIVED_FROM_COORDINATES"
3010777327,"c1492854-5d15-40e9-9ee7-24a18ac05112","2D625F1B-F759-4D13-8AB1-C36A1A9D2CBC","Plantae","Tracheophyta","Pinopsida","Pinales","Pinaceae","Pinus","Pinus cembra",NA,"SPECIES","Pinus cembra L.","Pinus cembra L.","L.","AT","Wald im Pinzgau","","PRESENT",NA,"7a070ba0-bafb-11d9-8e53-b8a03c50a862",47.26369,12.1942,50,NA,1950,NA,NA,NA,"2012-06-16",16,6,2012,5285134,5285134,"HUMAN_OBSERVATION","HNS","Biodiversitätsdatenbank Salzburg","1324201","","","","CC_BY_NC_4_0","","ContactID: 3682",NA,"","2026-05-22T05:01:42.203Z","","CONTINENT_DERIVED_FROM_COORDINATES"
3010908667,"c1492854-5d15-40e9-9ee7-24a18ac05112","56D7D6B5-F95B-4E57-BA4E-BF1E42BF49A4","Plantae","Tracheophyta","Pinopsida","Pinales","Pinaceae","Pinus","Pinus cembra",NA,"SPECIES","Pinus cembra L.","Pinus cembra L.","L.","AT","Tamsweg","","PRESENT",NA,"7a070ba0-bafb-11d9-8e53-b8a03c50a862",47.09237,13.82824,100,NA,1230,NA,NA,NA,"2014-06-05",5,6,2014,5285134,5285134,"HUMAN_OBSERVATION","HNS","Biodiversitätsdatenbank Salzburg","1605246","","","","CC_BY_NC_4_0","","ContactID: 3682",NA,"","2026-05-22T05:02:13.153Z","","CONTINENT_DERIVED_FROM_COORDINATES"
3995517339,"8a863029-f435-446a-821e-275f4f641165","https://observation.org/observation/254119623","Plantae","Tracheophyta","Pinopsida","Pinales","Pinaceae","Pinus","Pinus cembra",NA,"SPECIES","Pinus cembra L.","Pinus cembra","","AT","Untertauern","Salzburg","PRESENT",1,"c8d737e0-2ff8-42e8-b8fc-6b805d26fc5f",47.252773,13.543275,7,NA,NA,NA,NA,NA,"2022-09-04",4,9,2022,5285134,5285134,"HUMAN_OBSERVATION","","","","","","","CC_BY_NC_4_0","Stichting Observation International","User 166207",NA,"","2026-06-02T18:40:04.453Z","",""
5759910134,"50c9509d-22c7-4a22-a47d-8c48425ef4a7","https://www.inaturalist.org/observations/304949767","Plantae","Tracheophyta","Pinopsida","Pinales","Pinaceae","Pinus","Pinus cembra",NA,"SPECIES","Pinus cembra L.","Pinus cembra","","AT","","Tirol","PRESENT",NA,"28eb1a3f-1c15-4a95-931a-4af90ecb574d",47.103583,10.798058,17,NA,NA,NA,NA,NA,"2025-08-09T14:52:15",9,8,2025,5285134,5285134,"HUMAN_OBSERVATION","iNaturalist","Observations","304949767","","Berthold Traxler","2025-08-09T12:52:43","CC_BY_NC_4_0","Berthold Traxler","Berthold Traxler",NA,"","2026-06-06T03:52:22.805Z","StillImage","COORDINATE_ROUNDED;CONTINENT_DERIVED_FROM_COORDINATES;TAXON_ID_NOT_FOUND"
5795018393,"857bce66-f762-11e1-a439-00145eb45e9a","https://www.zobodat.at/belege.php?id=103148503","Plantae","Tracheophyta","Pinopsida","Pinales","Pinaceae","Pinus","Pinus cembra",NA,"SPECIES","Pinus cembra L.","Pinus cembra L.","L.","AT","Biotopkartierung Oberösterreich, BID: 200814407090156, PROJNR: 200814, Fläche: 60456 m2","","PRESENT",NA,"2d6e0e40-2aee-11d8-aa2d-b8a03c50a862",47.573293,13.608041,1000,NA,1736.5,148.5,NA,NA,"2009-07-29",29,7,2009,5285134,5285134,"HUMAN_OBSERVATION","LI","ZOBODAT","103148503","","Schleier Veronika, Diewald Wolfgang","","CC0_1_0","","",NA,"","2026-05-28T22:06:27.669Z","","COORDINATE_ROUNDED;CONTINENT_DERIVED_FROM_COORDINATES"
5205951686,"50c9509d-22c7-4a22-a47d-8c48425ef4a7","https://www.inaturalist.org/observations/290103655","Plantae","Tracheophyta","Pinopsida","Pinales","Pinaceae","Pinus","Pinus cembra",NA,"SPECIES","Pinus cembra L.","Pinus cembra","","AT","","Tirol","PRESENT",NA,"28eb1a3f-1c15-4a95-931a-4af90ecb574d",47.114636,11.123083,46,NA,NA,NA,NA,NA,"2025-06-05T16:01:37",5,6,2025,5285134,5285134,"HUMAN_OBSERVATION","iNaturalist","Observations","290103655","","elias_putzhammer","2025-06-16T11:28:56","CC_BY_NC_4_0","elias_putzhammer","elias_putzhammer",NA,"","2026-06-06T03:33:35.414Z","StillImage","COORDINATE_ROUNDED;CONTINENT_DERIVED_FROM_COORDINATES;TAXON_ID_NOT_FOUND"
5828384294,"50c9509d-22c7-4a22-a47d-8c48425ef4a7","https://www.inaturalist.org/observations/314051261","Plantae","Tracheophyta","Pinopsida","Pinales","Pinaceae","Pinus","Pinus cembra",NA,"SPECIES","Pinus cembra L.","Pinus cembra","","AT","","Tirol","PRESENT",NA,"28eb1a3f-1c15-4a95-931a-4af90ecb574d",47.082443,11.674475,NA,NA,NA,NA,NA,NA,"2025-09-11T14:46",11,9,2025,5285134,5285134,"HUMAN_OBSERVATION","iNaturalist","Observations","314051261","","Christian Anich","2025-09-15T06:10:47","CC_BY_NC_4_0","Christian Anich","Christian Anich",NA,"","2026-06-06T03:51:35.589Z","StillImage","COORDINATE_ROUNDED;CONTINENT_DERIVED_FROM_COORDINATES;TAXON_ID_NOT_FOUND"
3011744889,"c1492854-5d15-40e9-9ee7-24a18ac05112","55A7C472-84D1-4D1B-9671-03F30EB22814","Plantae","Tracheophyta","Pinopsida","Pinales","Pinaceae","Pinus","Pinus cembra",NA,"SPECIES","Pinus cembra L.","Pinus cembra L.","L.","AT","Golling an der Salzach","","PRESENT",NA,"7a070ba0-bafb-11d9-8e53-b8a03c50a862",47.5504,13.07868,100,NA,1560,NA,NA,NA,"2018-09-09",9,9,2018,5285134,5285134,"HUMAN_OBSERVATION","HNS","Biodiversitätsdatenbank Salzburg","2176169","","","","CC_BY_NC_4_0","","ContactID: 3682",NA,"","2026-05-22T05:02:14.044Z","","CONTINENT_DERIVED_FROM_COORDINATES"
3944436760,"c7730a08-74b4-48cd-80a7-831a19ac660d","48144DDF-C353-4050-94A1-A78D32F4E829","Plantae","Tracheophyta","Pinopsida","Pinales","Pinaceae","Pinus","Pinus cembra",NA,"SPECIES","Pinus cembra L.","Pinus cembra L.","L.","AT","Matrei in Osttirol","","PRESENT",NA,"7a070ba0-bafb-11d9-8e53-b8a03c50a862",47.126297,12.441309,100,NA,1928,NA,NA,NA,"2020-09-03",3,9,2020,5285134,5285134,"HUMAN_OBSERVATION","HNS","Biodiversitätsdatenbank Nationalpark Hohe Tauern","2764577","","","","CC_BY_NC_4_0","","ContactID: 5181",NA,"","2026-05-28T13:08:04.641Z","","CONTINENT_DERIVED_FROM_COORDINATES"
5902188964,"8a863029-f435-446a-821e-275f4f641165","https://observation.org/observation/346789078","Plantae","Tracheophyta","Pinopsida","Pinales","Pinaceae","Pinus","Pinus cembra",NA,"SPECIES","Pinus cembra L.","Pinus cembra","","AT","Gaschurn","Vorarlberg","PRESENT",1,"c8d737e0-2ff8-42e8-b8fc-6b805d26fc5f",46.979256,10.028716,5,NA,NA,NA,NA,NA,"2025-04-27",27,4,2025,5285134,5285134,"HUMAN_OBSERVATION","","","","","","","CC_BY_NC_4_0","Stichting Observation International","User 1089696",NA,"","2026-06-02T18:32:12.893Z","StillImage",""
4423303113,"c1492854-5d15-40e9-9ee7-24a18ac05112","C05D0D19-B2F3-4EA2-A8F9-C8A48EA6D36C","Plantae","Tracheophyta","Pinopsida","Pinales","Pinaceae","Pinus","Pinus cembra",NA,"SPECIES","Pinus cembra L.","Pinus cembra L.","L.","AT","Untertauern","","PRESENT",NA,"7a070ba0-bafb-11d9-8e53-b8a03c50a862",47.26378,13.54742,6,NA,1989,NA,NA,NA,"2022-09-04",4,9,2022,5285134,5285134,"HUMAN_OBSERVATION","HNS","Biodiversitätsdatenbank Salzburg","2933918","","","","CC_BY_NC_4_0","","ContactID: 3682",NA,"","2026-05-22T05:02:29.906Z","","CONTINENT_DERIVED_FROM_COORDINATES"
4986553005,"8a863029-f435-446a-821e-275f4f641165","https://observation.org/observation/329765808","Plantae","Tracheophyta","Pinopsida","Pinales","Pinaceae","Pinus","Pinus cembra",NA,"SPECIES","Pinus cembra L.","Pinus cembra","","AT","Kaisers (Gemeinde)","Tirol","PRESENT",1,"c8d737e0-2ff8-42e8-b8fc-6b805d26fc5f",47.18412,10.334293,4,NA,NA,NA,NA,NA,"2024-07-16",16,7,2024,5285134,5285134,"HUMAN_OBSERVATION","","","","","","","CC_BY_NC_4_0","Stichting Observation International","User 117830",NA,"","2026-06-02T18:31:38.162Z","",""
5826963121,"c1492854-5d15-40e9-9ee7-24a18ac05112","3F4E92E5-E3D4-47D8-AF47-8C18A9245B32","Plantae","Tracheophyta","Pinopsida","Pinales","Pinaceae","Pinus","Pinus cembra",NA,"SPECIES","Pinus cembra L.","Pinus cembra L.","L.","AT","Badgastein","","PRESENT",NA,"7a070ba0-bafb-11d9-8e53-b8a03c50a862",47.08127,13.106975,999,NA,NA,NA,NA,NA,"2024-08-10",10,8,2024,5285134,5285134,"HUMAN_OBSERVATION","HNS","Biodiversitätsdatenbank Salzburg","3606771","","","","CC_BY_NC_4_0","","ContactID: 2786",NA,"","2026-05-22T05:02:07.592Z","","CONTINENT_DERIVED_FROM_COORDINATES"
4528057411,"50c9509d-22c7-4a22-a47d-8c48425ef4a7","https://www.inaturalist.org/observations/200287671","Plantae","Tracheophyta","Pinopsida","Pinales","Pinaceae","Pinus","Pinus cembra",NA,"SPECIES","Pinus cembra L.","Pinus cembra","","AT","","Tirol","PRESENT",NA,"28eb1a3f-1c15-4a95-931a-4af90ecb574d",47.098006,11.322738,8,NA,NA,NA,NA,NA,"2023-07-23T08:45",23,7,2023,5285134,5285134,"HUMAN_OBSERVATION","iNaturalist","Observations","200287671","","Felix Riegel","2024-02-24T16:12:35","CC_BY_4_0","Felix Riegel","Felix Riegel",NA,"","2026-06-06T03:56:06.965Z","StillImage","COORDINATE_ROUNDED;CONTINENT_DERIVED_FROM_COORDINATES;TAXON_ID_NOT_FOUND"
3944436218,"c7730a08-74b4-48cd-80a7-831a19ac660d","5E75E2BA-F11A-491C-8FFC-EC93007DA6D1","Plantae","Tracheophyta","Pinopsida","Pinales","Pinaceae","Pinus","Pinus cembra",NA,"SPECIES","Pinus cembra L.","Pinus cembra L.","L.","AT","Neukirchen/Großvenediger","","PRESENT",NA,"7a070ba0-bafb-11d9-8e53-b8a03c50a862",47.174219,12.314892,100,NA,1692,NA,NA,NA,"2020-07-29",29,7,2020,5285134,5285134,"HUMAN_OBSERVATION","HNS","Biodiversitätsdatenbank Nationalpark Hohe Tauern","2764501","","","","CC_BY_NC_4_0","","ContactID: 4478",NA,"","2026-05-28T13:08:05.545Z","","CONTINENT_DERIVED_FROM_COORDINATES"
5795368452,"857bce66-f762-11e1-a439-00145eb45e9a","https://www.zobodat.at/belege.php?id=103322493","Plantae","Tracheophyta","Pinopsida","Pinales","Pinaceae","Pinus","Pinus cembra",NA,"SPECIES","Pinus cembra L.","Pinus cembra L.","L.","AT","Biotopkartierung Oberösterreich, BID: 200410407060001, PROJNR: 200410, Fläche: 390619 m2","","PRESENT",NA,"2d6e0e40-2aee-11d8-aa2d-b8a03c50a862",47.543017,13.532343,1000,NA,1422.5,117.5,NA,NA,"2005-08-27",27,8,2005,5285134,5285134,"HUMAN_OBSERVATION","LI","ZOBODAT","103322493","","Merschel Marco","","CC0_1_0","","",NA,"","2026-05-28T22:07:28.250Z","","COORDINATE_ROUNDED;CONTINENT_DERIVED_FROM_COORDINATES"
3011734965,"c1492854-5d15-40e9-9ee7-24a18ac05112","52DE2150-4704-4A18-9DB0-27587983659F","Plantae","Tracheophyta","Pinopsida","Pinales","Pinaceae","Pinus","Pinus cembra",NA,"SPECIES","Pinus cembra L.","Pinus cembra L.","L.","AT","Krimml","","PRESENT",NA,"7a070ba0-bafb-11d9-8e53-b8a03c50a862",47.225,12.20835,6000,NA,NA,NA,NA,NA,"1980",NA,NA,1980,5285134,5285134,"HUMAN_OBSERVATION","HNS","Biodiversitätsdatenbank Salzburg","2070505","","","","CC_BY_NC_4_0","","ContactID: 2786",NA,"","2026-05-22T05:02:31.282Z","","CONTINENT_DERIVED_FROM_COORDINATES"
3719413157,"8a863029-f435-446a-821e-275f4f641165","https://observation.org/observation/209249824","Plantae","Tracheophyta","Pinopsida","Pinales","Pinaceae","Pinus","Pinus cembra",NA,"SPECIES","Pinus cembra L.","Pinus cembra","","AT","Tweng","Salzburg","PRESENT",1,"c8d737e0-2ff8-42e8-b8fc-6b805d26fc5f",47.237371,13.573358,10,NA,NA,NA,NA,NA,"2021-03-24",24,3,2021,5285134,5285134,"HUMAN_OBSERVATION","","","","","","","CC_BY_NC_4_0","Stichting Observation International","User 166207",NA,"","2026-06-02T18:28:26.952Z","",""
3944435882,"c7730a08-74b4-48cd-80a7-831a19ac660d","4EB7C8F5-6D83-4688-BC11-C6D60E979E6B","Plantae","Tracheophyta","Pinopsida","Pinales","Pinaceae","Pinus","Pinus cembra",NA,"SPECIES","Pinus cembra L.","Pinus cembra L.","L.","AT","Neukirchen/Großvenediger","","PRESENT",NA,"7a070ba0-bafb-11d9-8e53-b8a03c50a862",47.180511,12.270745,100,NA,1948,NA,NA,NA,"2021-08-17",17,8,2021,5285134,5285134,"HUMAN_OBSERVATION","HNS","Biodiversitätsdatenbank Nationalpark Hohe Tauern","2764514","","","","CC_BY_NC_4_0","","ContactID: 4478",NA,"","2026-05-28T13:08:04.363Z","","CONTINENT_DERIVED_FROM_COORDINATES"
5827168306,"c1492854-5d15-40e9-9ee7-24a18ac05112","A8890F92-4194-475D-B1D7-79FED880DC21","Plantae","Tracheophyta","Pinopsida","Pinales","Pinaceae","Pinus","Pinus cembra",NA,"SPECIES","Pinus cembra L.","Pinus cembra L.","L.","AT","Fulpmes","","PRESENT",NA,"7a070ba0-bafb-11d9-8e53-b8a03c50a862",47.14934,11.343511,999,NA,NA,NA,NA,NA,"2021-08-29",29,8,2021,5285134,5285134,"HUMAN_OBSERVATION","HNS","Biodiversitätsdatenbank Salzburg","3484274","","","","CC_BY_NC_4_0","","ContactID: 2786",NA,"","2026-05-22T05:02:04.748Z","","CONTINENT_DERIVED_FROM_COORDINATES"
3466196140,"50c9509d-22c7-4a22-a47d-8c48425ef4a7","https://www.inaturalist.org/observations/105400674","Plantae","Tracheophyta","Pinopsida","Pinales","Pinaceae","Pinus","Pinus cembra",NA,"SPECIES","Pinus cembra L.","Pinus cembra","","AT","","Salzburg","PRESENT",NA,"28eb1a3f-1c15-4a95-931a-4af90ecb574d",46.97261,13.783017,NA,NA,NA,NA,NA,NA,"2018-05-21T04:40",21,5,2018,5285134,5285134,"HUMAN_OBSERVATION","iNaturalist","Observations","105400674","","Thomas Wrbka","2022-01-23T00:41:33","CC_BY_NC_4_0","Thomas Wrbka","Thomas Wrbka",NA,"","2026-06-06T03:54:02.063Z","StillImage","COORDINATE_ROUNDED;CONTINENT_DERIVED_FROM_COORDINATES;TAXON_ID_NOT_FOUND"
4946292201,"50c9509d-22c7-4a22-a47d-8c48425ef4a7","https://www.inaturalist.org/observations/181438467","Plantae","Tracheophyta","Pinopsida","Pinales","Pinaceae","Pinus","Pinus cembra",NA,"SPECIES","Pinus cembra L.","Pinus cembra","","AT","","Vorarlberg","PRESENT",NA,"28eb1a3f-1c15-4a95-931a-4af90ecb574d",47.373126,10.117264,2327,NA,NA,NA,NA,NA,"2012-09-28T10:45",28,9,2012,5285134,5285134,"HUMAN_OBSERVATION","iNaturalist","Observations","181438467","","stefan-allgaeu","2023-09-02T19:51:19","CC_BY_4_0","stefan-allgaeu","stefan-allgaeu",NA,"","2026-06-06T03:50:32.895Z","StillImage","COORDINATE_ROUNDED;CONTINENT_DERIVED_FROM_COORDINATES;TAXON_ID_NOT_FOUND"
3996402771,"8a863029-f435-446a-821e-275f4f641165","https://observation.org/observation/250631962","Plantae","Tracheophyta","Pinopsida","Pinales","Pinaceae","Pinus","Pinus cembra",NA,"SPECIES","Pinus cembra L.","Pinus cembra","","AT","Bad Hofgastein","Salzburg","PRESENT",1,"c8d737e0-2ff8-42e8-b8fc-6b805d26fc5f",47.156632,13.060167,NA,NA,NA,NA,NA,NA,"2022-07-28",28,7,2022,5285134,5285134,"HUMAN_OBSERVATION","","","","","","","CC_BY_NC_4_0","Stichting Observation International","User 355398",NA,"","2026-06-02T18:34:03.331Z","StillImage",""
6346499631,"7b904404-f762-11e1-a439-00145eb45e9a","49A491F8-AE32-42B0-AE1C-294D150A83A2","Plantae","Tracheophyta","Pinopsida","Pinales","Pinaceae","Pinus","Pinus cembra",NA,"SPECIES","Pinus cembra L.","Pinus cembra L.","L.","AT","Tannheim SW: Obere Roßalpe","Nordtirol","PRESENT",NA,"f9912a00-84a9-11d9-8952-b8a03c50a862",47.4757,10.4882,NA,NA,NA,NA,NA,NA,"1991-08-29",29,8,1991,5285134,5285134,"PRESERVED_SPECIMEN","TLMF","IBF","1477606","","Dörr Erhard","","CC_BY_4_0","Tiroler Landesmuseen-Betriebsgesellschaft m.b.H.","Dörr Erhard",NA,"","2026-06-03T12:48:30.012Z","","COUNTRY_DERIVED_FROM_COORDINATES;CONTINENT_DERIVED_FROM_COORDINATES;TAXON_ID_NOT_FOUND"
3995723187,"8a863029-f435-446a-821e-275f4f641165","https://observation.org/observation/258681942","Plantae","Tracheophyta","Pinopsida","Pinales","Pinaceae","Pinus","Pinus cembra",NA,"SPECIES","Pinus cembra L.","Pinus cembra","","AT","Schladming","Steiermark","PRESENT",1,"c8d737e0-2ff8-42e8-b8fc-6b805d26fc5f",47.345825,13.600301,19,NA,NA,NA,NA,NA,"2022-11-01",1,11,2022,5285134,5285134,"HUMAN_OBSERVATION","","","","","","","CC_BY_NC_4_0","Stichting Observation International","User 166207",NA,"","2026-06-02T18:34:46.481Z","",""
3944423971,"c7730a08-74b4-48cd-80a7-831a19ac660d","A501627E-58FB-4644-B3E9-BEF8645BFEFF","Plantae","Tracheophyta","Pinopsida","Pinales","Pinaceae","Pinus","Pinus cembra",NA,"SPECIES","Pinus cembra L.","Pinus cembra L.","L.","AT","Heiligenblut","","PRESENT",NA,"7a070ba0-bafb-11d9-8e53-b8a03c50a862",47.016667,12.790278,NA,NA,2000,NA,NA,NA,"2019-07-27",27,7,2019,5285134,5285134,"HUMAN_OBSERVATION","HNS","Biodiversitätsdatenbank Nationalpark Hohe Tauern","2590527","","","","CC_BY_NC_4_0","","ContactID: 4480",NA,"","2026-05-28T13:08:01.388Z","","CONTINENT_DERIVED_FROM_COORDINATES"
5795617929,"857bce66-f762-11e1-a439-00145eb45e9a","https://www.zobodat.at/belege.php?id=104028177","Plantae","Tracheophyta","Pinopsida","Pinales","Pinaceae","Pinus","Pinus cembra",NA,"SPECIES","Pinus cembra L.","Pinus cembra L.","L.","AT","Biotopkartierung Oberösterreich, BID: 200410407060486, PROJNR: 200410, Fläche: 12609 m2","","PRESENT",NA,"2d6e0e40-2aee-11d8-aa2d-b8a03c50a862",47.564842,13.573009,1000,NA,1392.5,52.5,NA,NA,"2006-07-13",13,7,2006,5285134,5285134,"HUMAN_OBSERVATION","LI","ZOBODAT","104028177","","Schleier Veronika","","CC0_1_0","","",NA,"","2026-05-28T22:07:13.187Z","","COORDINATE_ROUNDED;CONTINENT_DERIVED_FROM_COORDINATES"
3009274767,"c7730a08-74b4-48cd-80a7-831a19ac660d","C90EF007-7BE9-4F66-A67F-86E4927892BE","Plantae","Tracheophyta","Pinopsida","Pinales","Pinaceae","Pinus","Pinus cembra",NA,"SPECIES","Pinus cembra L.","Pinus cembra L.","L.","AT","Krimml","","PRESENT",NA,"7a070ba0-bafb-11d9-8e53-b8a03c50a862",47.12157,12.191299,111,NA,1665,NA,NA,NA,"2005-07-23",23,7,2005,5285134,5285134,"HUMAN_OBSERVATION","HNS","Biodiversitätsdatenbank Nationalpark Hohe Tauern","455414","","","","CC_BY_NC_4_0","","ContactID: 3579",NA,"","2026-05-28T13:07:19.525Z","","CONTINENT_DERIVED_FROM_COORDINATES"
5167551567,"50c9509d-22c7-4a22-a47d-8c48425ef4a7","https://www.inaturalist.org/observations/281452952","Plantae","Tracheophyta","Pinopsida","Pinales","Pinaceae","Pinus","Pinus cembra",NA,"SPECIES","Pinus cembra L.","Pinus cembra","","AT","","Tirol","PRESENT",NA,"28eb1a3f-1c15-4a95-931a-4af90ecb574d",47.386176,11.858823,127,NA,NA,NA,NA,NA,"2025-05-16T09:02:42",16,5,2025,5285134,5285134,"HUMAN_OBSERVATION","iNaturalist","Observations","281452952","","Laura Jordan","2025-05-16T09:39:15","CC_BY_NC_4_0","Laura Jordan","Laura Jordan",NA,"","2026-06-06T03:57:42.785Z","StillImage","COORDINATE_ROUNDED;CONTINENT_DERIVED_FROM_COORDINATES;TAXON_ID_NOT_FOUND"
5018761266,"6ac3f774-d9fb-4796-b3e9-92bf6c81c084","","Plantae","Tracheophyta","Pinopsida","Pinales","Pinaceae","Pinus","Pinus cembra",NA,"SPECIES","Pinus cembra L.","Pinus cembra","","AT","Wanderung Kops-Stausee - Breitspitz","","PRESENT",NA,"bb646dff-a905-4403-a49b-6d378c2cf0d9",46.958393,10.098385,250,NA,NA,NA,NA,NA,"2020-08-26T00:00",26,8,2020,5285134,5285134,"HUMAN_OBSERVATION","NABU|naturgucker","NABU|naturgucker","1884812527","","","","CC_BY_4_0","","1045384361",NA,"","2026-06-04T11:57:36.579Z","","COORDINATE_ROUNDED;GEODETIC_DATUM_ASSUMED_WGS84;CONTINENT_DERIVED_FROM_COORDINATES"
3012118561,"c1492854-5d15-40e9-9ee7-24a18ac05112","CC6BF702-E167-4D3A-9186-A77A26E2374D","Plantae","Tracheophyta","Pinopsida","Pinales","Pinaceae","Pinus","Pinus cembra",NA,"SPECIES","Pinus cembra L.","Pinus cembra L.","L.","AT","Lessach","","PRESENT",NA,"7a070ba0-bafb-11d9-8e53-b8a03c50a862",47.225,13.79168,6000,NA,NA,NA,NA,NA,"1983",NA,NA,1983,5285134,5285134,"HUMAN_OBSERVATION","HNS","Biodiversitätsdatenbank Salzburg","2100767","","","","CC_BY_NC_4_0","","ContactID: 2786",NA,"","2026-05-22T05:01:56.590Z","","CONTINENT_DERIVED_FROM_COORDINATES"
5827095651,"c1492854-5d15-40e9-9ee7-24a18ac05112","1AA4544A-AE11-4004-80AA-35399709FF4C","Plantae","Tracheophyta","Pinopsida","Pinales","Pinaceae","Pinus","Pinus cembra",NA,"SPECIES","Pinus cembra L.","Pinus cembra L.","L.","AT","Jerzens","","PRESENT",NA,"7a070ba0-bafb-11d9-8e53-b8a03c50a862",47.149617,10.780147,171,NA,NA,NA,NA,NA,"2025-03-05",5,3,2025,5285134,5285134,"HUMAN_OBSERVATION","HNS","Biodiversitätsdatenbank Salzburg","3765983","","","","CC_BY_NC_4_0","","ContactID: 2786",NA,"","2026-05-22T05:02:08.256Z","","CONTINENT_DERIVED_FROM_COORDINATES"
5844496557,"50c9509d-22c7-4a22-a47d-8c48425ef4a7","https://www.inaturalist.org/observations/320347053","Plantae","Tracheophyta","Pinopsida","Pinales","Pinaceae","Pinus","Pinus cembra",NA,"SPECIES","Pinus cembra L.","Pinus cembra","","AT","","Steiermark","PRESENT",NA,"28eb1a3f-1c15-4a95-931a-4af90ecb574d",47.229192,13.882151,NA,NA,NA,NA,NA,NA,"2025-10-11T09:31:12",11,10,2025,5285134,5285134,"HUMAN_OBSERVATION","iNaturalist","Observations","320347053","","bernardwieser","2025-10-12T07:13:42","CC_BY_NC_4_0","bernardwieser","bernardwieser",NA,"","2026-06-06T03:58:45.611Z","StillImage","COORDINATE_ROUNDED;CONTINENT_DERIVED_FROM_COORDINATES;TAXON_ID_NOT_FOUND"
6248021459,"c1492854-5d15-40e9-9ee7-24a18ac05112","977C73F9-E71B-4BC8-9779-11A99CE7448F","Plantae","Tracheophyta","Pinopsida","Pinales","Pinaceae","Pinus","Pinus cembra",NA,"SPECIES","Pinus cembra L.","Pinus cembra L.","L.","AT","Badgastein","","PRESENT",NA,"7a070ba0-bafb-11d9-8e53-b8a03c50a862",47.105911,13.169278,999,NA,NA,NA,NA,NA,"2025-07-06",6,7,2025,5285134,5285134,"HUMAN_OBSERVATION","HNS","Biodiversitätsdatenbank Salzburg","4016907","","","","CC_BY_NC_4_0","","ContactID: 2786",NA,"","2026-05-22T05:02:32.052Z","","CONTINENT_DERIVED_FROM_COORDINATES"
4933186661,"8a863029-f435-446a-821e-275f4f641165","https://observation.org/observation/312746306","Plantae","Tracheophyta","Pinopsida","Pinales","Pinaceae","Pinus","Pinus cembra",NA,"SPECIES","Pinus cembra L.","Pinus cembra","","AT","Untertauern","Salzburg","PRESENT",1,"c8d737e0-2ff8-42e8-b8fc-6b805d26fc5f",47.25514,13.539114,5,NA,NA,NA,NA,NA,"2024-06-02",2,6,2024,5285134,5285134,"HUMAN_OBSERVATION","","","","","","","CC_BY_NC_4_0","Stichting Observation International","User 192637",NA,"","2026-06-02T18:30:28.738Z","StillImage",""
6342491327,"8a863029-f435-446a-821e-275f4f641165","https://observation.org/observation/395006573","Plantae","Tracheophyta","Pinopsida","Pinales","Pinaceae","Pinus","Pinus cembra",NA,"SPECIES","Pinus cembra L.","Pinus cembra","","AT","Göriach","Salzburg","PRESENT",1,"c8d737e0-2ff8-42e8-b8fc-6b805d26fc5f",47.220657,13.770504,4,NA,NA,NA,NA,NA,"2026-04-25",25,4,2026,5285134,5285134,"HUMAN_OBSERVATION","","","","","","","CC_BY_NC_4_0","Stichting Observation International","User 248211",NA,"","2026-06-02T18:38:45.815Z","StillImage",""
4423226418,"c1492854-5d15-40e9-9ee7-24a18ac05112","2618E892-6C94-47DE-B1A5-57498C6C1C0C","Plantae","Tracheophyta","Pinopsida","Pinales","Pinaceae","Pinus","Pinus cembra",NA,"SPECIES","Pinus cembra L.","Pinus cembra L.","L.","AT","Sölden","","PRESENT",NA,"7a070ba0-bafb-11d9-8e53-b8a03c50a862",46.97535,10.98481,4,NA,2049,NA,NA,NA,"2023-08-15",15,8,2023,5285134,5285134,"HUMAN_OBSERVATION","HNS","Biodiversitätsdatenbank Salzburg","3129992","","","","CC_BY_NC_4_0","","ContactID: 2786",NA,"","2026-05-22T05:02:05.799Z","","CONTINENT_DERIVED_FROM_COORDINATES"
6248242464,"c1492854-5d15-40e9-9ee7-24a18ac05112","B6A7BE25-3509-4F63-B887-7D0010CFBA8D","Plantae","Tracheophyta","Pinopsida","Pinales","Pinaceae","Pinus","Pinus cembra",NA,"SPECIES","Pinus cembra L.","Pinus cembra L.","L.","AT","Golling an der Salzach","","PRESENT",NA,"7a070ba0-bafb-11d9-8e53-b8a03c50a862",47.553904,13.131695,9,NA,1562,NA,NA,NA,"2025-08-11",11,8,2025,5285134,5285134,"HUMAN_OBSERVATION","HNS","Biodiversitätsdatenbank Salzburg","3913426","","","","CC_BY_NC_4_0","","ContactID: 3682",NA,"","2026-05-22T05:02:32.770Z","","CONTINENT_DERIVED_FROM_COORDINATES"
